# x_m, y_m, w_tr_right_m, w_tr_left_m
0.0000000000,0.0000000000,0.5990887917,0.5990887917
-0.3839369986,-0.1032084728,0.5981305018,0.5981305018
-0.7678753497,-0.2064116949,0.5970071885,0.5970071885
-1.1518140190,-0.3096112573,0.5957276508,0.5957276508
-1.5357522109,-0.4128090696,0.5943013358,0.5943013358
-1.9196891300,-0.5160067227,0.5927382983,0.5927382983
-2.3036237419,-0.6192059669,0.5910491582,0.5910491582
-2.6875553307,-0.7224086321,0.5892450543,0.5892450543
-3.0714830211,-0.8256163093,0.5873375958,0.5873375958
-3.4554060178,-0.9288305102,0.5853388114,0.5853388114
-3.8393244797,-1.0320512347,0.5832610964,0.5832610964
-4.2232386455,-1.1352782443,0.5811171579,0.5811171579
-4.6071485949,-1.2385113796,0.5789199585,0.5789199585
-4.9910545664,-1.3417504818,0.5766826580,0.5766826580
-5.3749567987,-1.4449953120,0.5744185554,0.5744185554
-5.7588555306,-1.5482455520,0.5721410287,0.5721410287
-6.1427509210,-1.6515012020,0.5698634753,0.5698634753
-6.5266431292,-1.7547618639,0.5675992520,0.5675992520
-6.9105323938,-1.8580274584,0.5653616142,0.5653616142
-7.2944189535,-1.9612977468,0.5631636574,0.5631636574
-7.6783029674,-2.0645725699,0.5610182573,0.5610182573
-8.0621846741,-2.1678516890,0.5589380127,0.5589380127
-8.4460642328,-2.2711347860,0.5569351883,0.5569351883
-8.8299418026,-2.3744218608,0.5550216603,0.5550216603
-9.2138177812,-2.4777125952,0.5532088626,0.5532088626
-9.5976921687,-2.5810067505,0.5515077361,0.5515077361
-9.9815652038,-2.6843042473,0.5499286801,0.5499286801
-10.3654372046,-2.7876047671,0.5484815057,0.5484815057
-10.7493082507,-2.8909081511,0.5471753930,0.5471753930
-11.1331785808,-2.9942142399,0.5460188504,0.5460188504
-11.5170484336,-3.0975227155,0.5450196778,0.5450196778
-11.9009179682,-3.2008334981,0.5441849330,0.5441849330
-12.2847874232,-3.3041462698,0.5435209014,0.5435209014
-12.6686570373,-3.4074609507,0.5430330697,0.5430330697
-13.0525268900,-3.5107772228,0.5427261035,0.5427261035
-13.4363972202,-3.6140949269,0.5426038288,0.5426038288
-13.8202683459,-3.7174139040,0.5426692173,0.5426692173
-14.2041403467,-3.8207338357,0.5429243759,0.5429243759
-14.5880134613,-3.9240546425,0.5433705410,0.5433705410
-14.9718879283,-4.0273760858,0.5440080756,0.5440080756
-15.3557638274,-4.1306979269,0.5448364722,0.5448364722
-15.7396415563,-4.2340200066,0.5458543584,0.5458543584
-16.1235211946,-4.3373420863,0.5470595077,0.5470595077
-16.5074029808,-4.4406639274,0.5484488540,0.5484488540
-16.8912870743,-4.5439853707,0.5500185097,0.5500185097
-17.2751737135,-4.6473062571,0.5517637884,0.5517637884
-17.6590630577,-4.7506263479,0.5536792309,0.5536792309
-18.0429554250,-4.8539454045,0.5557586348,0.5557586348
-18.4268508950,-4.9572632677,0.5579950880,0.5579950880
-18.8107497064,-5.0605796194,0.5603810050,0.5603810050
-19.1946520979,-5.1638944595,0.5629081669,0.5629081669
-19.5785582285,-5.2672074697,0.5655677633,0.5655677633
-19.9624683369,-5.3705184115,0.5683504384,0.5683504384
-20.3463825823,-5.4738271258,0.5712463380,0.5712463380
-20.7303012034,-5.5771333737,0.5742451597,0.5742451597
-21.1142243591,-5.6804370759,0.5773362050,0.5773362050
-21.4981522883,-5.7837378344,0.5805084323,0.5805084323
-21.8820852295,-5.8870356494,0.5837505126,0.5837505126
-22.2660233419,-5.9903301229,0.5870508850,0.5870508850
-22.6499668641,-6.0936211756,0.5903978139,0.5903978139
-23.0339159554,-6.1969085686,0.5937794468,0.5937794468
-23.4178707747,-6.3001921429,0.5971838715,0.5971838715
-23.8018316403,-6.4034715803,0.6005991747,0.6005991747
-24.1857975180,-6.5067465625,0.6040134987,0.6040134987
-24.5697631570,-6.6100156575,0.6074150988,0.6074150988
-24.9537221132,-6.7132773537,0.6107923991,0.6107923991
-25.3376680222,-6.8165299805,0.6141340474,0.6141340474
-25.7215945193,-6.9197721057,0.6174289686,0.6174289686
-26.1054951605,-7.0230020588,0.6206664161,0.6206664161
-26.4893637404,-7.1262182487,0.6238360224,0.6238360224
-26.8731937353,-7.2294192431,0.6269278454,0.6269278454
-27.2569787806,-7.3326033716,0.6299324148,0.6299324148
-27.6407125915,-7.4357690429,0.6328407736,0.6328407736
-28.0243886442,-7.5389146660,0.6356445181,0.6356445181
-28.4080007334,-7.6420388087,0.6383358346,0.6383358346
-28.7915424149,-7.7451398005,0.6409075326,0.6409075326
-29.1750093927,-7.8482173230,0.6433530745,0.6433530745
-29.5584765296,-7.9513184738,0.6456666026,0.6456666026
-29.9421195663,-8.0545507341,0.6478429616,0.6478429616
-30.3261207671,-8.1580253240,0.6498777179,0.6498777179
-30.7106624760,-8.2618537024,0.6517671744,0.6517671744
-31.0959268777,-8.3661471691,0.6535083828,0.6535083828
-31.4820962365,-8.4710171034,0.6550991503,0.6550991503
-31.8690505810,-8.5763368512,0.6565380436,0.6565380436
-32.2522017188,-8.6784629555,0.6578243885,0.6578243885
-32.6248720607,-8.7723842211,0.6589582657,0.6589582657
-32.9999359445,-8.8725918958,0.6599405025,0.6599405025
-33.3968857893,-8.9942008721,0.6607726612,0.6607726612
-33.8019943299,-9.0953991865,0.6614570232,0.6614570232
-34.1931570633,-9.1200880085,0.6619965700,0.6619965700
-34.5501652422,-9.0202835271,0.6623949604,0.6623949604
-34.8664580666,-8.8064312149,0.6626565043,0.6626565043
-35.1414535000,-8.5145717560,0.6627861336,0.6627861336
-35.3746228086,-8.1808047859,0.6627893697,0.6627893697
-35.5704745486,-7.8322870541,0.6626722885,0.6626722885
-35.7443380974,-7.4769643628,0.6624414828,0.6624414828
-35.9129445413,-7.1202941406,0.6621040216,0.6621040216
-36.0899829582,-6.7667991048,0.6616674079,0.6616674079
-36.2773944513,-6.4173916907,0.6611395347,0.6611395347
-36.4742840081,-6.0721127906,0.6605286384,0.6605286384
-36.6797568547,-5.7310032966,0.6598432513,0.6598432513
-36.8929178990,-5.3941041803,0.6590921535,0.6590921535
-37.1128723670,-5.0614562543,0.6582843225,0.6582843225
-37.3387247690,-4.7330990584,0.6574288832,0.6574288832
-37.5695001377,-4.4087870010,0.6565350572,0.6565350572
-37.8040490386,-4.0876522779,0.6556121121,0.6556121121
-38.0411994426,-3.7687452212,0.6546693109,0.6546693109
-38.2797789232,-3.4511160038,0.6537158617,0.6537158617
-38.5186153717,-3.1338148781,0.6527608681,0.6527608681
-38.7565365208,-2.8158920966,0.6518132812,0.6518132812
-38.9923885599,-2.4964124705,0.6508818520,0.6508818520
-39.2257150725,-2.1749954804,0.6499750859,0.6499750859
-39.4569569616,-1.8519738322,0.6491011985,0.6491011985
-39.6866141614,-1.5277270908,0.6482680736,0.6482680736
-39.9151865264,-1.2026350597,0.6474832236,0.6474832236
-40.1431739111,-0.8770773835,0.6467537518,0.6467537518
-40.3710762498,-0.5514336269,0.6460863175,0.6460863175
-40.5993060438,-0.2260174025,0.6454871041,0.6454871041
-40.8279264610,0.0991227604,0.6449617900,0.6449617900
-41.0569133162,0.4240044436,0.6445155223,0.6445155223
-41.2862424243,0.7486451496,0.6441528941,0.6441528941
-41.5158895999,1.0730624605,0.6438779248,0.6438779248
-41.7458306579,1.3972739583,0.6436940443,0.6436940443
-41.9760414925,1.7212972250,0.6436040800,0.6436040800
-42.2064978391,2.0451497631,0.6436102479,0.6436102479
-42.4371755122,2.3688492341,0.6437141474,0.6437141474
-42.6680504064,2.6924131406,0.6439167586,0.6439167586
-42.8990982568,3.0158590645,0.6442184449,0.6442184449
-43.1302949577,3.3392045880,0.6446189578,0.6446189578
-43.3616162444,3.6624672133,0.6451174456,0.6451174456
-43.5930380112,3.9856646022,0.6457124659,0.6457124659
-43.8245359932,4.3088143367,0.6464020011,0.6464020011
-44.0560860053,4.6319338396,0.6471834775,0.6471834775
-44.2876640213,4.9550407725,0.6480537870,0.6480537870
-44.5192456970,5.2781527176,0.6490093125,0.6490093125
-44.7508069266,5.6012872567,0.6500459557,0.6500459557
-44.9823235249,5.9244618924,0.6511591681,0.6511591681
-45.2137712271,6.2476942066,0.6523439836,0.6523439836
-45.4451260071,6.5710017815,0.6535950544,0.6535950544
-45.6763635206,6.8944021990,0.6549066885,0.6549066885
-45.9074596619,7.2179129617,0.6562728893,0.6562728893
-46.1383902458,7.5415517310,0.6576873966,0.6576873966
-46.3691310870,7.8653360094,0.6591437292,0.6591437292
-46.5996580798,8.1892834586,0.6606352289,0.6606352289
-46.8298857805,8.5134493705,0.6621551045,0.6621551045
-47.0592528371,8.8381842716,0.6636964778,0.6636964778
-47.2869745025,9.1639768787,0.6652524291,0.6652524291
-47.5122648366,9.4913168630,0.6668160425,0.6668160425
-47.7343376601,9.8206938164,0.6683804522,0.6683804522
-47.9524070328,10.1525973306,0.6699388876,0.6699388876
-48.1656868552,10.4875169973,0.6714847177,0.6714847177
-48.3736341530,10.8257889436,0.6730114946,0.6730114946
-48.5767373245,11.1670983635,0.6745129966,0.6745129966
-48.7757582841,11.5109575748,0.6759832683,0.6759832683
-48.9714589460,11.8568790541,0.6774166610,0.6774166610
-49.1646013836,12.2043751191,0.6788078691,0.6788078691
-49.3559474315,12.5529581670,0.6801519661,0.6801519661
-49.5462584471,12.9021410721,0.6814444375,0.6814444375
-49.7360743020,13.2515760127,0.6826812108,0.6826812108
-49.9254073274,13.6012476345,0.6838586840,0.6838586840
-50.1141926847,13.9511891124,0.6849737495,0.6849737495
-50.3023655352,14.3014335422,0.6860238169,0.6860238169
-50.4898610402,14.6520141785,0.6870068310,0.6870068310
-50.6766144405,15.0029641964,0.6879212875,0.6879212875
-50.8625608975,15.3543166915,0.6887662448,0.6887662448
-51.0476355725,15.7061049186,0.6895413329,0.6895413329
-51.2317736268,16.0583618935,0.6902467578,0.6902467578
-51.4149103013,16.4111209506,0.6908833038,0.6908833038
-51.5969806777,16.7644152649,0.6914523308,0.6914523308
-51.7779200765,17.1182778526,0.6919557687,0.6919557687
-51.9576635793,17.4727419683,0.6923961085,0.6923961085
-52.1361649639,17.8278312403,0.6927763890,0.6927763890
-52.3134596328,18.1835275297,0.6931001810,0.6931001810
-52.4896055829,18.5398011619,0.6933715673,0.6933715673
-52.6646606520,18.8966223030,0.6935951202,0.6935951202
-52.8386827572,19.2539614377,0.6937758750,0.6937758750
-53.0117298159,19.6117888117,0.6939193012,0.6939193012
-53.1838597452,19.9700746708,0.6940312700,0.6940312700
-53.3551303830,20.3287894199,0.6941180201,0.6941180201
-53.5255997259,20.6879033048,0.6941861200,0.6941861200
-53.6953256117,21.0473866509,0.6942424285,0.6942424285
-53.8643659577,21.4072097836,0.6942940528,0.6942940528
-54.0327786811,21.7673430281,0.6943483049,0.6943483049
-54.2006216197,22.1277566304,0.6944126561,0.6944126561
-54.3679528497,22.4884209158,0.6944946904,0.6944946904
-54.5348300497,22.8493062095,0.6946020562,0.6946020562
-54.7013112963,23.2103828371,0.6947424177,0.6947424177
-54.8674544269,23.5716211239,0.6949234049,0.6949234049
-55.0333174385,23.9329913156,0.6951525642,0.6951525642
-55.1989580893,24.2944637376,0.6954373079,0.6954373079
-55.3644342964,24.6560087153,0.6957848645,0.6957848645
-55.5298040566,25.0175965740,0.6962022292,0.6962022292
-55.6951252873,25.3791976392,0.6966961152,0.6966961152
-55.8604558261,25.7407821566,0.6972729059,0.6972729059
-56.0258535108,26.1023204515,0.6979386088,0.6979386088
-56.1913764176,26.4637828494,0.6986988101,0.6986988101
-56.3570823048,26.8251396756,0.6995586316,0.6995586316
-56.5230291692,27.1863611759,0.7005226900,0.7005226900
-56.6892573459,27.5474264268,0.7015950577,0.7015950577
-56.8556562513,27.9083900044,0.7027792264,0.7027792264
-57.0220377337,28.2693449898,0.7040780736,0.7040780736
-57.1882131644,28.6303849418,0.7054938321,0.7054938321
-57.3539937553,28.9916032598,0.7070280617,0.7070280617
-57.5191908776,29.3530935025,0.7086816256,0.7086816256
-57.6836157433,29.7149490694,0.7104546689,0.7104546689
-57.8472642949,30.0771778367,0.7123466015,0.7123466015
-58.0109955855,30.4393871127,0.7143560841,0.7143560841
-58.1759209422,30.8010670980,0.7164810186,0.7164810186
-58.3431516921,31.1617079937,0.7187185419,0.7187185419
-58.5137990829,31.5208000801,0.7210650237,0.7210650237
-58.6889744416,31.8778336376,0.7235160680,0.7235160680
-58.8697893342,32.2322982306,0.7260665197,0.7260665197
-59.0574751387,32.5834033045,0.7287104734,0.7287104734
-59.2535763685,32.9296248716,0.7314412877,0.7314412877
-59.4596881347,33.2693208027,0.7342516026,0.7342516026
-59.6772088846,33.6010104685,0.7371333610,0.7371333610
-59.9037899461,33.9262924014,0.7400778340,0.7400778340
-60.1337235257,34.2495254316,0.7430756496,0.7430756496
-60.3612350025,34.5751255116,0.7461168255,0.7461168255
-60.5835244588,34.9051830723,0.7491908044,0.7491908044
-60.8023200248,35.2382488299,0.7522864936,0.7522864936
-61.0197296341,35.5725767541,0.7553923068,0.7553923068
-61.2378611405,35.9064205760,0.7584962092,0.7584962092
-61.4588226369,36.2380343447,0.7615857654,0.7615857654
-61.6847220568,36.5656717119,0.7646481891,0.7646481891
-61.9173048737,36.8878847461,0.7676703957,0.7676703957
-62.1565619384,37.2046691513,0.7706390566,0.7706390566
-62.4019536180,37.5164569200,0.7735406548,0.7735406548
-62.6529401207,37.8236802043,0.7763615431,0.7763615431
-62.9089815747,38.1267710764,0.7790880016,0.7790880016
-63.1695383472,38.4261616085,0.7817062980,0.7817062980
-63.4340706462,38.7222841117,0.7842027474,0.7842027474
-63.7020386795,39.0155705786,0.7865637722,0.7865637722
-63.9729026554,39.3064531611,0.7887759630,0.7887759630
-64.2461228611,39.5953639315,0.7908261381,0.7908261381
-64.5211594253,39.8827351212,0.7927014032,0.7927014032
-64.7974727149,40.1689988024,0.7943892099,0.7943892099
-65.0745229379,40.4545871271,0.7958774131,0.7958774131
-65.3517735643,40.7399295421,0.7971543265,0.7971543265
-65.6288959452,41.0252915280,0.7982087775,0.7982087775
-65.9058872964,41.3106810406,0.7990301585,0.7990301585
-66.1827735531,41.5960836004,0.7996084777,0.7996084777
-66.4595804919,41.8814845691,0.7999344058,0.7999344058
-66.7363340481,42.1668693083,0.7999993208,0.7999993208
-67.0130599982,42.4522233385,0.7997953502,0.7997953502
-67.2897842776,42.7375320215,0.7993154088,0.7993154088
-67.5665326627,43.0227807983,0.7985532342,0.7985532342
-67.8433310093,43.3079550305,0.7975034187,0.7975034187
-68.1202052530,43.5930402387,0.7961614365,0.7961614365
-68.3971811702,43.8780217847,0.7945236687,0.7945236687
-68.6742846962,44.1628850298,0.7925874224,0.7925874224
-68.9515416075,44.4476155745,0.7903509477,0.7903509477
-69.2289781578,44.7321975868,0.7878134490,0.7878134490
-69.5066244990,45.0166051313,0.7849750930,0.7849750930
-69.7845125334,45.3008064650,0.7818370119,0.7818370119
-70.0626745609,45.5847696855,0.7784013029,0.7784013029
-70.3411428021,45.8684628907,0.7746710233,0.7746710233
-70.6199492387,46.1518543374,0.7706501805,0.7706501805
-70.8991260912,46.4349121234,0.7663437192,0.7663437192
-71.1787055800,46.7176045057,0.7617575038,0.7617575038
-71.4587197664,46.9998994228,0.7568982962,0.7568982962
-71.7392008710,47.2817652112,0.7517737308,0.7517737308
-72.0201810345,47.5631699687,0.7463922849,0.7463922849
-72.3016923980,47.8440817931,0.7407632454,0.7407632454
-72.5837671022,48.1244689412,0.7348966730,0.7348966730
-72.8664372086,48.4042995904,0.7288033616,0.7288033616
-73.1496357304,48.6836182924,0.7224947955,0.7224947955
-73.4330115840,48.9626886185,0.7159831038,0.7159831038
-73.7161631674,49.2418131227,0.7092810116,0.7092810116
-73.9986887988,49.5212942794,0.7024017889,0.7024017889
-74.2801869559,49.8014346428,0.6953591975,0.6953591975
-74.5602559568,50.0825367667,0.6881674357,0.6881674357
-74.8384742310,50.3649297772,0.6808410818,0.6808410818
-75.1129851642,50.6508663214,0.6733950352,0.6733950352
-75.3795513295,50.9457899055,0.6658444579,0.6658444579
-75.6337037103,51.2554438052,0.6582047136,0.6582047136
-75.8624623970,51.5852130526,0.6504913076,0.6504913076
-76.0280327196,51.9394377822,0.6427198254,0.6427198254
-76.0881219536,52.3222686249,0.6349058723,0.6349058723
-76.0064913982,52.7201328940,0.6270650125,0.6270650125
-75.7780450510,53.0282815020,0.6192127095,0.6192127095
-75.4201704999,53.1514411174,0.6113642670,0.6113642670
-75.0107297008,53.1826350498,0.6035347715,0.6035347715
-74.6085742243,53.2158962624,0.5957390356,0.5957390356
-74.2141051156,53.2571899939,0.5879915440,0.5879915440
-73.8226853347,53.3048873215,0.5803064008,0.5803064008
-73.4308120807,53.3573146910,0.5726972792,0.5726972792
-73.0380633055,53.4126773834,0.5651773739,0.5651773739
-72.6445351137,53.4691602339,0.5577593561,0.5577593561
-72.2503234504,53.5249481568,0.5504553313,0.5504553313
-71.8555244998,53.5782260667,0.5432768003,0.5432768003
-71.4602342868,53.6271787985,0.5362346231,0.5362346231
-71.0645485180,53.6700052689,0.5293389872,0.5293389872
-70.6685385557,53.7057926444,0.5225993782,0.5225993782
-70.2722370978,53.7350290054,0.5160245550,0.5160245550
-69.8756738189,53.7583256652,0.5096225282,0.5096225282
-69.4788781549,53.7762940169,0.5034005427,0.5034005427
-69.0818796215,53.7895456126,0.4973650641,0.4973650641
-68.6847075749,53.7986916068,0.4915217691,0.4915217691
-68.2873916899,53.8043436310,0.4858755395,0.4858755395
-67.8899614024,53.8071130783,0.4804304606,0.4804304606
-67.4924461483,53.8076111826,0.4751898233,0.4751898233
-67.0948754433,53.8064494961,0.4701561305,0.4701561305
-66.6972788027,53.8042394117,0.4653311062,0.4653311062
-66.2996857423,53.8015923226,0.4607157098,0.4607157098
-65.9021256978,53.7991196217,0.4563101529,0.4563101529
-65.5046252413,53.7973858431,0.4521139204,0.4521139204
-65.1071821452,53.7965030027,0.4481257940,0.4481257940
-64.7097781113,53.7963293305,0.4443438802,0.4443438802
-64.3123948418,53.7967204311,0.4407656400,0.4407656400
-63.9150137203,53.7975319887,0.4373879226,0.4373879226
-63.5176163693,53.7986194489,0.4342070008,0.4342070008
-63.1201843315,53.7998384162,0.4312186094,0.4312186094
-62.7227110038,53.8008671635,0.4284179860,0.4284179860
-62.3252510416,53.8004686641,0.4257999127,0.4257999127
-61.9278785918,53.7971107361,0.4233587608,0.4233587608
-61.5306679603,53.7892613566,0.4210885362,0.4210885362
-61.1336934529,53.7753884233,0.4189829260,0.4189829260
-60.7370292961,53.7539598337,0.4170353466,0.4170353466
-60.3407497163,53.7234449175,0.4152389917,0.4152389917
-59.9448776258,53.6837512298,0.4135868811,0.4135868811
-59.5492882797,53.6389222384,0.4120719098,0.4120719098
-59.1538305998,53.5937396973,0.4106868961,0.4106868961
-58.7583552584,53.5528190070,0.4094246308,0.4094246308
-58.3627501600,53.5170994137,0.4082779238,0.4082779238
-57.9669394872,53.4839300891,0.4072396513,0.4072396513
-57.5708531506,53.4505092064,0.4063028007,0.4063028007
-57.1747107265,53.4138996922,0.4054605151,0.4054605151
-56.7792136661,53.3709401235,0.4047061348,0.4047061348
-56.3851086088,53.3184492678,0.4040332380,0.4040332380
-55.9928324798,53.2548188868,0.4034356789,0.4034356789
-55.6019154970,53.1830427778,0.4029076231,0.4029076231
-55.2117230369,53.1069518331,0.4024435812,0.4024435812
-54.8216983617,53.0299071630,0.4020384390,0.4020384390
-54.4317002585,52.9527564439,0.4016874851,0.4016874851
-54.0417262609,52.8755101772,0.4013864358,0.4013864358
-53.6517739028,52.7981782279,0.4011314559,0.4011314559
-53.2618407974,52.7207705408,0.4009191777,0.4009191777
-52.8719244784,52.6432970602,0.4007467149,0.4007467149
-52.4820224796,52.5657676513,0.4006116747,0.4006116747
-52.0921324144,52.4881922587,0.4005121655,0.4005121655
-51.7022518164,52.4105808268,0.4004468014,0.4004468014
-51.3123782193,52.3329431413,0.4004147029,0.4004147029
-50.9225091570,52.2552893058,0.4004154949,0.4004154949
-50.5326423223,52.1776291057,0.4004493000,0.4004493000
-50.1427750898,52.0999724857,0.4005167297,0.4005167297
-49.7529051524,52.0223294699,0.4006188713,0.4006188713
-49.3630300438,51.9447097642,0.4007572718,0.4007572718
-48.9731472977,51.8671234723,0.4009339189,0.4009339189
-48.5832544480,51.7895804592,0.4011512187,0.4011512187
-48.1933491874,51.7120905900,0.4014119706,0.4014119706
-47.8034288906,51.6346638888,0.4017193395,0.4017193395
-47.4134912504,51.5573101410,0.4020768250,0.4020768250
-47.0235337211,51.4800392913,0.4024882293,0.4024882293
-46.6335539159,51.4028613638,0.4029576216,0.4029576216
-46.2435494482,51.3257861439,0.4034893015,0.4034893015
-45.8535178516,51.2488235763,0.4040877600,0.4040877600
-45.4634565804,51.1719836851,0.4047576398,0.4047576398
-45.0733633274,51.0952762558,0.4055036935,0.4055036935
-44.6832356263,51.0187113124,0.4063307409,0.4063307409
-44.2930713292,50.9422972881,0.4072436263,0.4072436263
-43.9028729819,50.8660275795,0.4082471745,0.4082471745
-43.5126455167,50.7898863550,0.4093461466,0.4093461466
-43.1223941846,50.7138574645,0.4105451965,0.4105451965
-42.7321239976,50.6379249967,0.4118488267,0.4118488267
-42.3418401268,50.5620729607,0.4132613457,0.4132613457
-41.9515476639,50.4862852860,0.4147868253,0.4147868253
-41.5612517801,50.4105459818,0.4164290596,0.4164290596
-41.1709574873,50.3348389776,0.4181915250,0.4181915250
-40.7806700365,50.2591483620,0.4200773417,0.4200773417
-40.3903943600,50.1834580647,0.4220892376,0.4220892376
-40.0001357883,50.1077520948,0.4242295132,0.4242295132
-39.6098993333,50.0320144612,0.4265000098,0.4265000098
-39.2196900866,49.9562290937,0.4289020794,0.4289020794
-38.8295037523,49.8804259851,0.4314365575,0.4314365575
-38.4393065983,49.8047807168,0.4341037389,0.4341037389
-38.0490589258,49.7294973519,0.4369033563,0.4369033563
-37.6587208769,49.6547798736,0.4398345615,0.4398345615
-37.2682529916,49.5808324243,0.4428959112,0.4428959112
-36.8776153322,49.5078591464,0.4460853545,0.4460853545
-36.4867684389,49.4360641029,0.4494002251,0.4494002251
-36.0956724536,49.3656514361,0.4528372363,0.4528372363
-35.7042878367,49.2968251294,0.4563924802,0.4563924802
-35.3125747303,49.2297893251,0.4600614297,0.4600614297
-34.9204935152,49.1647481657,0.4638389447,0.4638389447
-34.5280045721,49.1019056344,0.4677192821,0.4677192821
-34.1350681228,49.0414659534,0.4716961086,0.4716961086
-33.7416549698,48.9836102730,0.4757625174,0.4757625174
-33.3477978111,48.9283847362,0.4799110493,0.4799110493
-32.9535519385,48.8757860016,0.4841337151,0.4841337151
-32.5589727234,48.8258108074,0.4884220238,0.4884220238
-32.1641154578,48.7784557327,0.4927670117,0.4927670117
-31.7690355926,48.7337173564,0.4971592761,0.4971592761
-31.3737884197,48.6915924963,0.5015890111,0.5015890111
-30.9784149108,48.6520639683,0.5060460461,0.5060460461
-30.5829086219,48.6150705931,0.5105198874,0.5105198874
-30.1872536415,48.5805416450,0.5149997614,0.5149997614
-29.7914339788,48.5484067163,0.5194746599,0.5194746599
-29.3954336429,48.5185953197,0.5239333882,0.5239333882
-28.9992366429,48.4910368885,0.5283646135,0.5283646135
-28.6028271470,48.4656605377,0.5327569155,0.5327569155
-28.2062022912,48.4423502737,0.5370988379,0.5370988379
-27.8093836354,48.4209058523,0.5413789409,0.5413789409
-27.4123956034,48.4011177213,0.5455858536,0.5455858536
-27.0152623805,48.3827763284,0.5497083278,0.5497083278
-26.6180083110,48.3656720417,0.5537352908,0.5537352908
-26.2206575802,48.3495953885,0.5576558985,0.5576558985
-25.8232345323,48.3343367370,0.5614595877,0.5614595877
-25.4257634322,48.3196866941,0.5651361278,0.5651361278
-25.0282686242,48.3054356279,0.5686756711,0.5686756711
-24.6307742936,48.2913739066,0.5720688022,0.5720688022
-24.2333047846,48.2772921370,0.5753065853,0.5753065853
-23.8358842826,48.2629806077,0.5783806096,0.5783806096
-23.4385372113,48.2482299256,0.5812830333,0.5812830333
-23.0412858468,48.2328431083,0.5840066240,0.5840066240
-22.6441287569,48.2167769566,0.5865447979,0.5865447979
-22.2470489165,48.2000905811,0.5888916550,0.5888916550
-21.8500288232,48.1828447631,0.5910420120,0.5910420120
-21.4530511336,48.1651002839,0.5929914316,0.5929914316
-21.0560984247,48.1469181634,0.5947362489,0.5947362489
-20.6591532738,48.1283591034,0.5962735936,0.5962735936
-20.2621983374,48.1094840443,0.5976014094,0.5976014094
-19.8652161130,48.0903537674,0.5987184687,0.5987184687
-19.4681892574,48.0710291335,0.5996243844,0.5996243844
-19.0711003476,48.0515710035,0.6003196169,0.6003196169
-18.6739319606,48.0320403179,0.6008054777,0.6008054777
-18.2766667532,48.0124977783,0.6010841285,0.6010841285
-17.8792872228,47.9930043252,0.6011585769,0.6011585769
-17.4817967904,47.9736916249,0.6010326671,0.6010326671
-17.0842709554,47.9549370941,0.6007110677,0.6007110677
-16.6868011282,47.9371715324,0.6001992544,0.6001992544
-16.2894783217,47.9208258981,0.5995034897,0.5995034897
-15.8923938670,47.9063309907,0.5986307983,0.5986307983
-15.4956389361,47.8941176095,0.5975889387,0.5975889387
-15.0993053373,47.8845809126,0.5963863720,0.5963863720
-14.7035564005,47.8734776652,0.5950322258,0.5950322258
-14.3086973051,47.8473829972,0.5935362563,0.5935362563
-13.9150499373,47.7917922953,0.5919088065,0.5919088065
-13.5261724694,47.6932538787,0.5901607616,0.5901607616
-13.1570657891,47.5420388415,0.5883035018,0.5883035018
-12.8252586180,47.3292406552,0.5863488526,0.5863488526
-12.5476247672,47.0488310721,0.5843090326,0.5843090326
-12.3368472408,46.7131992936,0.5821966002,0.5821966002
-12.2039577648,46.3419916808,0.5800243973,0.5800243973
-12.1598871873,45.9548310458,0.5778054922,0.5778054922
-12.2041782959,45.5665240788,0.5755531220,0.5755531220
-12.3144393882,45.1826010026,0.5732806324,0.5732806324
-12.4657842618,44.8075365618,0.5710014189,0.5710014189
-12.6377952540,44.4446083322,0.5687288659,0.5687288659
-12.8252483552,44.0930230543,0.5664762870,0.5664762870
-13.0261457385,43.7511228465,0.5642568651,0.5642568651
-13.2384894971,43.4172501456,0.5620835932,0.5620835932
-13.4602817242,43.0897471496,0.5599692156,0.5599692156
-13.6895246724,42.7669561362,0.5579261710,0.5579261710
-13.9242265607,42.4472255088,0.5559665367,0.5559665367
-14.1631358832,42.1296390929,0.5541019742,0.5541019742
-14.4064335517,41.8147039826,0.5523436772,0.5523436772
-14.6544646831,41.5030902043,0.5507023218,0.5507023218
-14.9075740760,41.1954677842,0.5491880186,0.5491880186
-15.1661066881,40.8925068282,0.5478102687,0.5478102687
-15.4304076363,40.5948772034,0.5465779209,0.5465779209
-15.7008217191,40.3032490158,0.5454991340,0.5454991340
-15.9776938943,40.0182922915,0.5445813407,0.5445813407
-16.2613692788,39.7406770570,0.5438312162,0.5438312162
-16.5521925916,39.4710732588,0.5432546495,0.5432546495
-16.8505090291,39.2101510826,0.5428567194,0.5428567194
-17.1566633104,38.9585803953,0.5426416738,0.5426416738
-17.4710006318,38.7170313028,0.5426129131,0.5426129131
-17.7938092273,38.4861163917,0.5427729776,0.5427729776
-18.1246626729,38.2657230890,0.5431235395,0.5431235395
-18.4626445555,38.0552412748,0.5436653985,0.5436653985
-18.8068287558,37.8540513616,0.5443984818,0.5443984818
-19.1562892342,37.6615337622,0.5453218484,0.5453218484
-19.5100998713,37.4770685708,0.5464336973,0.5464336973
-19.8673345481,37.3000363594,0.5477313802,0.5477313802
-20.2271903786,37.1299823023,0.5492114176,0.5492114176
-20.5896650555,36.9675257482,0.5508695196,0.5508695196
-20.9550771239,36.8137161293,0.5527006098,0.5527006098
-21.3237459243,36.6696039118,0.5546988534,0.5546988534
-21.6959907970,36.5362396416,0.5568576890,0.5568576890
-22.0721310031,36.4146737054,0.5591698629,0.5591698629
-22.4524858830,36.3059566490,0.5616274677,0.5616274677
-22.8371760446,36.2105907934,0.5642219833,0.5642219833
-23.2256086317,36.1271112615,0.5669443208,0.5669443208
-23.6170310380,36.0536125118,0.5697848691,0.5697848691
-24.0106905779,35.9881887643,0.5727335436,0.5727335436
-24.4058345658,35.9289343186,0.5757798371,0.5757798371
-24.8017102364,35.8739434740,0.5789128729,0.5789128729
-25.1975668930,35.8213207928,0.5821214586,0.5821214586
-25.5929166144,35.7706645140,0.5853941423,0.5853941423
-25.9878077712,35.7246183056,0.5887192686,0.5887192686
-26.3823542885,35.6861967290,0.5920850361,0.5920850361
-26.7766698527,35.6584145049,0.5954795554,0.5954795554
-27.1708682300,35.6442861151,0.5988909064,0.5988909064
-27.5650633454,35.6468262801,0.6023071964,0.6023071964
-27.9593601343,35.6683483488,0.6057166173,0.6057166173
-28.3538053760,35.7064426292,0.6091075018,0.6091075018
-28.7484217440,35.7567494951,0.6124683791,0.6124683791
-29.1432318325,35.8149031152,0.6157880288,0.6157880288
-29.5382581561,35.8765378171,0.6190555340,0.6190555340
-29.9335233088,35.9372879283,0.6222603313,0.6222603313
-30.3290498847,35.9927876969,0.6253922603,0.6253922603
-30.7248191880,36.0399670310,0.6284416091,0.6284416091
-31.1206593763,36.0805624140,0.6313991591,0.6313991591
-31.5163634432,36.1174243615,0.6342562252,0.6342562252
-31.9117240639,36.1534034686,0.6370046942,0.6370046942
-32.3065341524,36.1913503305,0.6396370601,0.6396370601
-32.7005863841,36.2341155422,0.6421464553,0.6421464553
-33.0936744685,36.2845415045,0.6445266792,0.6445266792
-33.4857173373,36.3441243602,0.6467722225,0.6467722225
-33.8768978913,36.4115283528,0.6488782886,0.6488782886
-34.2674324452,36.4850594820,0.6508408105,0.6508408105
-34.6575372339,36.5630241455,0.6526564645,0.6526564645
-35.0474286516,36.6437283429,0.6543226791,0.6543226791
-35.4373228538,36.7254783924,0.6558376411,0.6558376411
-35.8274312226,36.8066065473,0.6572002972,0.6572002972
-36.2177899562,36.8863644977,0.6584103512,0.6584103512
-36.6082179041,36.9651454921,0.6594682585,0.6594682585
-36.9985203912,37.0434137439,0.6603752156,0.6603752156
-37.3885028217,37.1216335455,0.6611331466,0.6611331466
-37.7779703615,37.2002692695,0.6617446854,0.6617446854
-38.1667284149,37.2797852085,0.6622131553,0.6622131553
-38.5547095178,37.3603632291,0.6625425441,0.6625425441
-38.9423351615,37.4411004425,0.6627374766,0.6627374766
-39.3301443425,37.5208334121,0.6628031836,0.6628031836
-39.7186759776,37.5983985420,0.6627454684,0.6627454684
-40.1084689041,37.6726324748,0.6625706701,0.6625706701
-40.5000621186,37.7423716148,0.6622856249,0.6622856249
-40.8939921512,37.8064495021,0.6618976241,0.6618976241
-41.2903473895,37.8631169240,0.6614143715,0.6614143715
-41.6882424471,37.9093590805,0.6608439375,0.6608439375
-42.0866641698,37.9419948184,0.6601947127,0.6601947127
-42.4845994831,37.9578432235,0.6594753592,0.6594753592
-42.8810352327,37.9537232221,0.6586947622,0.6586947622
-43.2749583439,37.9264538999,0.6578619792,0.6578619792
-43.6653529575,37.8729031106,0.6569861898,0.6569861898
-44.0511037687,37.7917721712,0.6560766449,0.6560766449
-44.4309682613,37.6841028762,0.6551426162,0.6551426162
-44.8036958044,37.5510891327,0.6541933453,0.6541933453
-45.1680356080,37.3939253249,0.6532379943,0.6532379943
-45.5227369616,37.2138053599,0.6522855966,0.6522855966
-45.8665491549,37.0119235424,0.6513450090,0.6513450090
-46.1981902912,36.7894557995,0.6504248653,0.6504248653
-46.5159199887,36.5473131348,0.6495335314,0.6495335314
-46.8176490096,36.2862043185,0.6486790620,0.6486790620
-47.1012793651,36.0068333478,0.6478691603,0.6478691603
-47.3647131455,35.7099040604,0.6471111384,0.6471111384
-47.6058523619,35.3961202943,0.6464118819,0.6464118819
-47.8226022872,35.0661877171,0.6457778161,0.6457778161
-48.0135203202,34.7211407247,0.6452148752,0.6452148752
-48.1786105979,34.3627437249,0.6447284751,0.6447284751
-48.3180718528,33.9928592191,0.6443234884,0.6443234884
-48.4321024993,33.6133497084,0.6440042237,0.6440042237
-48.5209012698,33.2260775350,0.6437744075,0.6437744075
-48.5846666585,32.8329052796,0.6436371697,0.6436371697
-48.6235973181,32.4356953641,0.6435950330,0.6435950330
-48.6378917427,32.0363102100,0.6436499054,0.6436499054
-48.6277485057,31.6366123187,0.6438030769,0.6438030769
-48.5933662601,31.2384641118,0.6440552187,0.6440552187
-48.5349435794,30.8437280905,0.6444063873,0.6444063873
-48.4526790369,30.4542667561,0.6448560313,0.6448560313
-48.3467711267,30.0719424508,0.6454030020,0.6454030020
-48.2175518386,29.6984909420,0.6460455672,0.6460455672
-48.0673783574,29.3337220097,0.6467814287,0.6467814287
-47.9001828511,28.9759476205,0.6476077425,0.6476077425
-47.7199390163,28.6234403603,0.6485211429,0.6485211429
-47.5306205497,28.2744728947,0.6495177685,0.6495177685
-47.3362009094,27.9273178096,0.6505932918,0.6505932918
-47.1406538714,27.5802477705,0.6517429512,0.6517429512
-46.9475421427,27.2317271747,0.6529615852,0.6529615852
-46.7573187190,26.8816715329,0.6542436691,0.6542436691
-46.5690139636,26.5306604950,0.6555833536,0.6555833536
-46.3816507613,26.1792769728,0.6569745050,0.6569745050
-46.1942520768,25.8281039575,0.6584107473,0.6584107473
-46.0058409541,25.4777244405,0.6598855050,0.6598855050
-45.8154403577,25.1287214131,0.6613920481,0.6613920481
-45.6222975223,24.7815360964,0.6629235360,0.6629235360
-45.4265881888,24.4360229019,0.6644730641,0.6644730641
-45.2287284383,24.0918844467,0.6660337088,0.6660337088
-45.0291341138,23.7488233479,0.6675985737,0.6675985737
-44.8282212170,23.4065422228,0.6691608350,0.6691608350
-44.6264058293,23.0647437680,0.6707137861,0.6707137861
-44.4241037934,22.7231305211,0.6722508824,0.6722508824
-44.2217311907,22.3814051789,0.6737657839,0.6737657839
-44.0197039436,22.0392702789,0.6752523969,0.6752523969
-43.8184379743,21.6964285179,0.6767049146,0.6767049146
-43.6183493641,21.3525825130,0.6781178553,0.6781178553
-43.4198540355,21.0074348018,0.6794860987,0.6794860987
-43.2233679901,20.6606881607,0.6808049202,0.6808049202
-43.0292783508,20.3120670052,0.6820700229,0.6820700229
-42.8367094373,19.9622559206,0.6832775660,0.6832775660
-42.6430588713,19.6132526545,0.6844241919,0.6844241919
-42.4455995296,19.2671495472,0.6855070492,0.6855070492
-42.2416041299,18.9260388599,0.6865238127,0.6865238127
-42.0283457879,18.5920129328,0.6874727011,0.6874727011
-41.8030972211,18.2671641860,0.6883524902,0.6883524902
-41.5632173072,17.9535696852,0.6891625232,0.6891625232
-41.3074652008,17.6530583587,0.6899027177,0.6899027177
-41.0357408196,17.3672569017,0.6905735691,0.6905735691
-40.7479770177,17.0977861224,0.6911761498,0.6911761498
-40.4441068085,16.8462669082,0.6917121057,0.6917121057
-40.1240630461,16.6143200675,0.6921836486,0.6921836486
-39.7877811304,16.4035662490,0.6925935453,0.6925935453
-39.4358843086,16.2155476589,0.6929451026,0.6929451026
-39.0706383545,16.0516201815,0.6932421503,0.6932421503
-38.6945489056,15.9131120951,0.6934890187,0.6934890187
-38.3101214401,15.8013518370,0.6936905153,0.6936905153
-37.9198615954,15.7176679239,0.6938518962,0.6938518962
-37.5262750089,15.6633886342,0.6939788360,0.6939788360
-37.1318501338,15.6398069228,0.6940773941,0.6940773941
-36.7383076217,15.6466134735,0.6941539790,0.6941539790
-36.3463040539,15.6812798955,0.6942153093,0.6942153093
-35.9564179665,15.7411147072,0.6942683735,0.6942683735
-35.5692279751,15.8234265859,0.6943203866,0.6943203866
-35.1853126955,15.9255239702,0.6943787462,0.6943787462
-34.8052505841,16.0447155375,0.6944509858,0.6944509858
-34.4297314770,16.1785656603,0.6945447277,0.6945447277
-34.0612859922,16.3288746266,0.6946676342,0.6946676342
-33.7039586319,16.5009257948,0.6948273589,0.6948273589
-33.3618387682,16.7001057087,0.6950314961,0.6950314961
-33.0384116992,16.9301242548,0.6952875314,0.6952875314
-32.7345457064,17.1874277163,0.6956027914,0.6956027914
-32.4504004602,17.4664958944,0.6959843941,0.6959843941
-32.1857651354,17.7619807508,0.6964391998,0.6964391998
-31.9374412355,18.0699241821,0.6969737626,0.6969737626
-31.7007882197,18.3870387474,0.6975942839,0.6975942839
-31.4711560008,18.7100414611,0.6983065657,0.6983065657
-31.2438948093,19.0356492581,0.6991159675,0.6991159675
-31.0143546374,19.3605792322,0.7000273635,0.7000273635
-30.7778855567,19.6815482387,0.7010451030,0.7010451030
-30.5304486341,19.9952705870,0.7021729723,0.7021729723
-30.2706802682,20.2984488919,0.7034141602,0.7034141602
-29.9979483813,20.5877823469,0.7047712254,0.7047712254
-29.7116582077,20.8600541576,0.7062460675,0.7062460675
-29.4129611711,21.1160170892,0.7078399008,0.7078399008
-29.1054744747,21.3620280380,0.7095532318,0.7095532318
-28.7929983816,21.6048602204,0.7113858401,0.7113858401
-28.4781298602,21.8488205960,0.7133367623,0.7133367623
-28.1605168723,22.0921691012,0.7154042808,0.7154042808
-27.8393636126,22.3322563398,0.7175859156,0.7175859156
-27.5138741164,22.5664325176,0.7198784198,0.7198784198
-27.1832525784,22.7920480793,0.7222777800,0.7222777800
-26.8467031933,23.0064534695,0.7247792196,0.7247792196
-26.5034404979,23.2070251478,0.7273772068,0.7273772068
-26.1531889080,23.3924166175,0.7300654664,0.7300654664
-25.7964036469,23.5631125378,0.7328369951,0.7328369951
-25.4335965822,23.7197387016,0.7356840815,0.7356840815
-25.0652792632,23.8629209811,0.7385983292,0.7385983292
-24.6919635576,23.9932851692,0.7415706840,0.7415706840
-24.3141610149,24.1114571383,0.7445914643,0.7445914643
-23.9323835026,24.2180626810,0.7476503958,0.7476503958
-23.5471425701,24.3137276697,0.7507366483,0.7507366483
-23.1589500851,24.3990778972,0.7538388769,0.7538388769
-22.7683177561,24.4747393155,0.7569452652,0.7569452652
-22.3757571325,24.5413377172,0.7600435721,0.7600435721
-21.9817800819,24.5994988951,0.7631211802,0.7631211802
-21.5868979945,24.6498488808,0.7661651475,0.7661651475
-21.1915095290,24.6931081395,0.7691622604,0.7691622604
-20.7957285309,24.7302346925,0.7720990891,0.7720990891
-20.3996247713,24.7622236347,0.7749620442,0.7749620442
-20.0032678624,24.7900701406,0.7777374347,0.7777374347
-19.6067275753,24.8147693050,0.7804115272,0.7804115272
-19.2100736018,24.8373161432,0.7829706054,0.7829706054
-18.8133749175,24.8586988286,0.7854010306,0.7854010306
-18.4166668454,24.8795348006,0.7876893018,0.7876893018
-18.0199349859,24.8998968534,0.7898221158,0.7898221158
-17.6231609614,24.9198140254,0.7917864274,0.7917864274
-17.2263262351,24.9393154342,0.7935695081,0.7935695081
-16.8294125886,24.9584301975,0.7951590037,0.7951590037
-16.4324015647,24.9771872741,0.7965429920,0.7965429920
-16.0352758202,24.9956001089,0.7977100366,0.7977100366
-15.6380371847,25.0133919244,0.7986492412,0.7986492412
-15.2407046723,25.0300308045,0.7993503000,0.7993503000
-14.8432976153,25.0449760027,0.7998035466,0.7998035466
-14.4458355051,25.0576867722,0.8000000000,0.8000000000
-14.0483377536,25.0676223663,0.7999314079,0.7999314079
-13.6508238520,25.0742420383,0.7995902869,0.7995902869
-13.2533117802,25.0770945428,0.7989699590,0.7989699590
-12.8558067094,25.0765207005,0.7980645854,0.7980645854
-12.4583072871,25.0732748678,0.7968691961,0.7968691961
-12.0608119222,25.0681152994,0.7953797160,0.7953797160
-11.6633191032,25.0617999317,0.7935929870,0.7935929870
-11.2658273183,25.0550869397,0.7915067858,0.7915067858
-10.8683350562,25.0487343394,0.7891198386,0.7891198386
-10.4708410438,25.0433891653,0.7864318300,0.7864318300
-10.0733452811,25.0391674110,0.7834434095,0.7834434095
-9.6758480864,25.0360269113,0.7801561922,0.7801561922
-9.2783499371,25.0339252627,0.7765727561,0.7765727561
-8.8808509921,25.0328200615,0.7726966350,0.7726966350
-8.4833518085,25.0326691424,0.7685323070,0.7685323070
-8.0858525454,25.0334301020,0.7640851789,0.7640851789
-7.6883536800,25.0350605364,0.7593615670,0.7593615670
-7.2908555306,25.0375182012,0.7543686728,0.7543686728
-6.8933584951,25.0407606924,0.7491145560,0.7491145560
-6.4958628120,25.0447458453,0.7436081032,0.7436081032
-6.0983689587,25.0494310968,0.7378589929,0.7378589929
-5.7008772534,25.0547742820,0.7318776576,0.7318776576
-5.3033880144,25.0607330767,0.7256752419,0.7256752419
-4.9059016394,25.0672649977,0.7192635584,0.7192635584
-4.5084183671,25.0743278799,0.7126550406,0.7126550406
-4.1109387545,25.0818793197,0.7058626924,0.7058626924
-3.7134629605,25.0898770724,0.6989000365,0.6989000365
-3.3159914626,25.0982786547,0.6917810600,0.6917810600
-2.9185244995,25.1070418221,0.6845201584,0.6845201584
-2.5210625484,25.1161242505,0.6771320779,0.6771320779
-2.1236059276,25.1254836156,0.6696318567,0.6696318567
-1.7261549554,25.1350775138,0.6620347651,0.6620347651
-1.3287099499,25.1448637005,0.6543562454,0.6543562454
-0.9312713885,25.1547998515,0.6466118504,0.6466118504
-0.5338395098,25.1648435631,0.6388171833,0.6388171833
-0.1364147117,25.1749525907,0.6309878362,0.6309878362
0.2610029263,25.1850922477,0.6231393305,0.6231393305
0.6584142793,25.1952490889,0.6152870570,0.6152870570
1.0558202225,25.2054133289,0.6074462180,0.6074462180
1.4532217105,25.2155751821,0.5996317700,0.5996317700
1.8506196185,25.2257248632,0.5918583682,0.5918583682
2.2480150602,25.2358524276,0.5841403136,0.5841403136
2.6454088312,25.2459482488,0.5764915008,0.5764915008
3.0428018862,25.2560024619,0.5689253698,0.5689253698
3.4401951799,25.2660052018,0.5614548587,0.5614548587
3.8375896669,25.2759467627,0.5540923612,0.5540923612
4.2349863019,25.2858172794,0.5468496849,0.5468496849
4.6323859601,25.2956069666,0.5397380146,0.5397380146
5.0297896757,25.3053059591,0.5327678779,0.5327678779
5.4271982443,25.3149045512,0.5259491146,0.5259491146
5.8246127796,25.3243929572,0.5192908500,0.5192908500
6.2220340772,25.3337612327,0.5128014711,0.5128014711
6.6194630918,25.3429997512,0.5064886078,0.5064886078
7.0169008577,25.3520985682,0.5003591167,0.5003591167
7.4143482499,25.3610478983,0.4944190699,0.4944190699
7.8118062231,25.3698380354,0.4886737471,0.4886737471
8.2092757321,25.3784590351,0.4831276319,0.4831276319
8.6067576519,25.3869012709,0.4777844119,0.4777844119
9.0042529372,25.3951547982,0.4726469830,0.4726469830
9.4017625427,25.4032098317,0.4677174571,0.4677174571
9.7992875027,25.4110565858,0.4629971740,0.4629971740
10.1968286127,25.4186852751,0.4584867168,0.4584867168
10.5943869069,25.4260861141,0.4541859311,0.4541859311
10.9919615897,25.4333176565,0.4500939468,0.4500939468
11.3895437510,25.4407986886,0.4462092045,0.4462092045
11.7871214570,25.4490664566,0.4425294839,0.4425294839
12.1846827744,25.4586582067,0.4390519358,0.4390519358
12.5822160082,25.4701111852,0.4357731166,0.4357731166
12.9797091455,25.4839625587,0.4326890253,0.4326890253
13.3771503323,25.5007486187,0.4297951427,0.4297951427
13.7744928688,25.5199576568,0.4270864733,0.4270864733
14.1715876658,25.5380031784,0.4245575882,0.4245575882
14.5682670179,25.5507379740,0.4222026702,0.4222026702
14.9643633787,25.5540146747,0.4200155600,0.4200155600
15.3597088837,25.5436861502,0.4179898032,0.4179898032
15.7541359864,25.5156051908,0.4161186989,0.4161186989
16.1474656048,25.4656421688,0.4143953476,0.4143953476
16.5386438517,25.3910312964,0.4128127007,0.4128127007
16.9251360515,25.2913153615,0.4113636087,0.4113636087
17.3042642471,25.1662604674,0.4100408703,0.4100408703
17.6733504017,25.0156327176,0.4088372799,0.4088372799
18.0297165583,24.8391981358,0.4077456747,0.4077456747
18.3706847597,24.6367228255,0.4067589810,0.4067589810
18.6936101443,24.4080225334,0.4058702586,0.4058702586
18.9966156521,24.1540679305,0.4050727441,0.4050727441
19.2785972750,23.8769924084,0.4043598919,0.4043598919
19.5384851350,23.5789803547,0.4037254136,0.4037254136
19.7752091153,23.2622160774,0.4031633146,0.4031633146
19.9876991786,22.9288842027,0.4026679292,0.4026679292
20.1748864014,22.5811689591,0.4022339518,0.4022339518
20.3369653795,22.2212700089,0.4018564665,0.4018564665
20.4778814873,21.8514318846,0.4015309728,0.4015309728
20.6022729582,21.4739074720,0.4012534088,0.4012534088
20.7147780260,21.0909495774,0.4010201709,0.4010201709
20.8200347648,20.7048111661,0.4008281306,0.4008281306
20.9226814084,20.3177451240,0.4006746470,0.4006746470
21.0273312095,19.9319917670,0.4005575772,0.4005575772
21.1366198009,19.5488068176,0.4004752821,0.4004752821
21.2498014186,19.1677620223,0.4004266291,0.4004266291
21.3657991038,18.7882640473,0.4004109915,0.4004109915
21.4835357387,18.4097197977,0.4004282439,0.4004282439
21.6019343647,18.0315359398,0.4004787548,0.4004787548
21.7199179435,17.6531192991,0.4005633754,0.4005633754
21.8364367249,17.2738918168,0.4006834250,0.4006834250
21.9510871974,16.8936381330,0.4008406737,0.4008406737
22.0641247379,16.5125125081,0.4010373212,0.4010373212
22.1758343184,16.1306856706,0.4012759736,0.4012759736
22.2865009906,15.7483283493,0.4015596167,0.4015596167
22.3964097263,15.3656114318,0.4018915867,0.4018915867
22.5058455772,14.9827058059,0.4022755388,0.4022755388
22.6150934356,14.5997820411,0.4027154132,0.4027154132
22.7244384328,14.2170111842,0.4032153989,0.4032153989
22.8341655406,13.8345638842,0.4037798963,0.4037798963
22.9445597312,13.4526109495,0.4044134773,0.4044134773
23.0559059764,13.0713231880,0.4051208448,0.4051208448
23.1684893279,12.6908714877,0.4059067902,0.4059067902
23.2825947576,12.3114265770,0.4067761513,0.4067761513
23.3982785122,11.9328908400,0.4077337680,0.4077337680
23.5142991097,11.5536452983,0.4087844386,0.4087844386
23.6289584129,11.1715350004,0.4099328763,0.4099328763
23.7404407001,10.7844387268,0.4111836647,0.4111836647
23.8364387926,10.3933041565,0.4125412146,0.4125412146
23.8859948823,10.0045340901,0.4140097213,0.4140097213
23.8562369478,9.6250928390,0.4155931230,0.4155931230
23.7270060444,9.2615645931,0.4172950596,0.4172950596
23.5175678546,8.9193538756,0.4191188343,0.4191188343
23.2548077601,8.6036374392,0.4210673756,0.4210673756
22.9651331661,8.3193007797,0.4231432017,0.4231432017
22.6632485323,8.0640967392,0.4253483876,0.4253483876
22.3517447808,7.8283953008,0.4276845333,0.4276845333
22.0326475837,7.6022662803,0.4301527360,0.4301527360
21.7075243665,7.3793438711,0.4327535636,0.4327535636
21.3771360887,7.1595376171,0.4354870323,0.4354870323
21.0421614483,6.9433953457,0.4383525865,0.4383525865
20.7032792228,6.7314648045,0.4413490822,0.4413490822
20.3611681898,6.5242937412,0.4444747733,0.4444747733
20.0165072064,6.3224299034,0.4477273022,0.4477273022
19.6699625596,6.1263897732,0.4511036928,0.4511036928
19.3218915386,5.9359054832,0.4546003477,0.4546003477
18.9723277957,5.7498879025,0.4582130487,0.4582130487
18.6212894699,5.5672089971,0.4619369615,0.4619369615
18.2687947796,5.3867408125,0.4657666428,0.4657666428
17.9148619434,5.2073553943,0.4696960527,0.4696960527
17.5595091797,5.0279254242,0.4737185687,0.4737185687
17.2024641660,4.8488448671,0.4778270052,0.4778270052
16.8425360981,4.6753215822,0.4820136347,0.4820136347
16.4783527825,4.5135133355,0.4862702137,0.4862702137
16.1085969198,4.3693588734,0.4905880107,0.4905880107
15.7333611139,4.2431609887,0.4949578382,0.4949578382
15.3542368167,4.1292305040,0.4993700874,0.4993700874
14.9728829436,4.0216083066,0.5038147649,0.5038147649
14.5904626134,3.9162076497,0.5082815333,0.5082815333
14.2072421817,3.8123295484,0.5127597534,0.5127597534
13.8233938093,3.7096313521,0.5172385284,0.5172385284
13.4390894179,3.6077706489,0.5217067510,0.5217067510
13.0545010889,3.5064048677,0.5261531511,0.5261531511
12.6698009031,3.4051915171,0.5305663457,0.5305663457
12.2851576799,3.3037945497,0.5349348901,0.5349348901
11.9006550334,3.2020499992,0.5392473297,0.5392473297
11.5162850873,3.0999789481,0.5434922525,0.5434922525
11.1320352719,2.9976114689,0.5476583423,0.5476583423
10.7478933353,2.8949778726,0.5517344319,0.5517344319
10.3638466280,2.7921082317,0.5557095565,0.5557095565
9.9798827393,2.6890327776,0.5595730057,0.5595730057
9.5959893377,2.5857816624,0.5633143764,0.5633143764
9.2121537739,2.4823851176,0.5669236232,0.5669236232
8.8283637164,2.3788732952,0.5703911085,0.5703911085
8.4446067546,2.2752763472,0.5737076508,0.5737076508
8.0608702388,2.1716245846,0.5768645713,0.5768645713
7.6771419173,2.0679480003,0.5798537383,0.5798537383
7.2934091407,1.9642769055,0.5826676099,0.5826676099
6.9096610892,1.8606380311,0.5852992732,0.5852992732
6.5258952170,1.7570374234,0.5877424822,0.5877424822
6.1421124787,1.6534733323,0.5899916912,0.5899916912
5.7583136701,1.5499440074,0.5920420864,0.5920420864
5.3744998252,1.4464477781,0.5938896138,0.5938896138
4.9906715806,1.3429828146,0.5955310031,0.5955310031
4.6068299704,1.2395475257,0.5969637889,0.5969637889
4.2229757903,1.1361400021,0.5981863276,0.5981863276
3.8391099153,1.0327586527,0.5991978107,0.5991978107
3.4552333002,0.9294016476,0.5999982741,0.5999982741
3.0713466610,0.8260673161,0.6005886036,0.6005886036
2.6874510319,0.7227539080,0.6009705361,0.6009705361
2.3035471288,0.6194596731,0.6011466572,0.6011466572
1.9196359066,0.5161828611,0.6011203941,0.6011203941
1.5357181607,0.4129218014,0.6008960051,0.6008960051
1.1517948458,0.3096747436,0.6004785646,0.6004785646
0.7678668371,0.2064398579,0.5998739445,0.5998739445
0.3839349301,0.1032155534,0.5990887917,0.5990887917
