0.0,0.0,0.6872468925,0.6872468925
-0.24284055670000002,-0.3765121896,0.6868224737999999,0.6868224737999999
-0.485663905,-0.7530351344,0.6863403712,0.6863403712
-0.7284709412,-1.1295682967,0.6858054726999999,0.6858054726999999
-0.9712630098,-1.5061109594,0.6852230565,0.6852230565
-1.2140410966,-1.8826623159,0.6845987666,0.6845987666
-1.4568064563999998,-2.2592216491999997,0.6839385873,0.6839385873
-1.6995601647,-2.6357883318,0.683248815,0.683248815
-1.9423034763,-3.0123616469,0.6825360282999999,0.6825360282999999
-2.1850373771,-3.3889407876999997,0.6818070573,0.6818070573
-2.4277631219,-3.7655251269,0.6810689504999999,0.6810689504999999
-2.6704818756999997,-4.1421139474,0.680328941,0.680328941
-2.9131946246,-4.5187064426,0.6795944112000001,0.6795944112000001
-3.1559027129,-4.8953019851,0.678872857,0.678872857
-3.3986071265,-5.2718998579,0.6781718507,0.6781718507
-3.6413091201,-5.6484992543,0.6774990034999999,0.6774990034999999
-3.8840097694,-6.0250995471,0.6768619275,0.6768619275
-4.126710329,-6.4017001087,0.6762681975,0.6762681975
-4.3694117849000005,-6.7783000429,0.6757253129,0.6757253129
-4.6121153022,-7.1548987223000005,0.6752406591,0.6752406591
-4.8548221357,-7.531495340399999,0.6748214698999999,0.6748214698999999
-5.0975333609,-7.9080893592,0.6744747899,0.6744747899
-5.3402501430000004,-8.284679972200001,0.6742074376999999,0.6742074376999999
-5.5829736471,-8.6612664624,0.6740259698000001,0.6740259698000001
-5.8257049487,-9.037848112799999,0.6739366461,0.6739366461
-6.0684452129999995,-9.4144241167,0.6739453954000001,0.6739453954000001
-6.3111956051,-9.7909939363,0.6740577836,0.6740577836
-6.553957200599999,-10.1675568546,0.6742789824,0.6742789824
-6.7967299098,-10.544112782100001,0.6746137399,0.6746137399
-7.039513105299999,-10.920662346099999,0.6750663534,0.6750663534
-7.282305711599999,-11.2972060843,0.6756406438,0.6756406438
-7.525107011799999,-11.6737444449,0.6763399318000001,0.6763399318000001
-7.767916109400001,-12.0502779657,0.6771670170999999,0.6771670170999999
-8.0107322876,-12.426807274000002,0.678124159,0.678124159
-8.2535545604,-12.803332818,0.6792130598999999,0.6792130598999999
-8.4963821212,-13.179855225,0.6804348514,0.6804348514
-8.7392141633,-13.5563748537,0.6817900826000001,0.6817900826000001
-8.9820497905,-13.9328924209,0.6832787112,0.6832787112
-9.2248881962,-14.3094083748,0.6849000976,0.6849000976
-9.4677285736,-14.685923342799999,0.6866530009999999,0.6866530009999999
-9.7105700265,-15.062437683399999,0.6885355790000001,0.6885355790000001
-9.9534117483,-15.4389520241,0.6905453895999999,0.6905453895999999
-10.1962528428,-15.8154669025,0.6926793963,0.6926793963
-10.4390925928,-16.191982856400003,0.6949339753,0.6949339753
-10.6819299229,-16.5685004236,0.6973049264,0.6973049264
-10.9247642953,-16.9450201418,0.699787486,0.699787486
-11.1675946345,-17.3215424593,0.7023763428,0.7023763428
-11.4104201339,-17.6980680032,0.7050656562000001,0.7050656562000001
-11.653239986800001,-18.0745973116,0.7078490776,0.7078490776
-11.8960533865,-18.4511308323,0.7107197739,0.7107197739
-12.1388594369,-18.8276691929,0.7136704526000001,0.7136704526000001
-12.3816574208,-19.204212931199997,0.7166933911,0.7166933911
-12.6244462628,-19.5807624951,0.7197804657,0.7197804657
-12.867225335499999,-19.9573184226,0.722923185,0.722923185
-13.109993653,-20.333881340999998,0.7261127232,0.7261127232
-13.352750498299999,-20.710451698299998,0.7293399566,0.7293399566
-13.595494885399999,-21.0870300325,0.7325955009,0.7325955009
-13.8382260974,-21.4636168812,0.73586975,0.73586975
-14.080943238,-21.8402128719,0.7391529162999999,0.7391529162999999
-14.3236454109,-22.2168183629,0.7424350724,0.7424350724
-14.566331899100001,-22.593434071500003,0.7457061925,0.7457061925
-14.809001806300001,-22.970060445599998,0.748956196,0.748956196
-15.051654236400001,-23.3466980231,0.7521749906,0.7521749906
-15.2942884722,-23.723347251999996,0.7553525164,0.7553525164
-15.5369035279,-24.100008849499996,0.7584787895,0.7584787895
-15.7794985968,-24.4766831739,0.7615439462000001,0.7615439462000001
-16.0220728722,-24.8533708528,0.7645382865000001,0.7645382865000001
-16.2646255477,-25.2300724238,0.7674523176000001,0.7674523176000001
-16.5071557268,-25.6067884247,0.7702767962,0.7702767962
-16.7496626029,-25.9835193036,0.7730027706,0.7730027706
-16.9921452798,-26.3602655984,0.7756216212,0.7756216212
-17.2346029508,-26.737027936399997,0.7781251006000001,0.7781251006000001
-17.4770347197,-27.113806855300002,0.7805053711,0.7805053711
-17.7194398695,-27.4906028033,0.7827550423,0.7827550423
-17.9618174141,-27.8674164078,0.7848672054000001,0.7848672054000001
-18.204166636700002,-28.244248027199998,0.7868354667,0.7868354667
-18.4464865514,-28.621098378699998,0.7886539786,0.7886539786
-18.6887765307,-28.9979679999,0.7903174686,0.7903174686
-18.9310354992,-29.3748572494,0.7918212659999999,0.7918212659999999
-19.1732627397,-29.751766754600002,0.7931613261,0.7931613261
-19.4154574457,-30.128697142800004,0.7943342518000001,0.7943342518000001
-19.657618631400002,-30.5056488621,0.7953373129000001,0.7953373129000001
-19.8997455795,-30.8826223608,0.7961684620999999,0.7961684620999999
-20.141837394,-31.2596183558,0.796826349,0.796826349
-20.383893357799998,-31.6366372056,0.7973103302,0.7973103302
-20.6259123953,-32.0136795377,0.7976204776000001,0.7976204776000001
-20.8678946858,-32.3907454416,0.7977575827,0.7977575827
-21.1098417531,-32.7678336625,0.7977231583,0.7977231583
-21.3517556584,-33.1449430354,0.7975194375,0.7975194375
-21.5936382839,-33.522072395100004,0.7971493695,0.7971493695
-21.8354915119,-33.8992204867,0.7966166116,0.7966166116
-22.0773174037,-34.2763860556,0.7959255195999999,0.7959255195999999
-22.319117751900002,-34.6535678469,0.7950811340999999,0.7950811340999999
-22.560894528200002,-35.0307646956,0.7940891644,0.7940891644
-22.8026496148,-35.4079752571,0.7929559695999999,0.7929559695999999
-23.0443850732,-35.785198455999996,0.7916885365,0.7916885365
-23.2861026958,-36.1624330375,0.7902944555,0.7902944555
-23.527804454499996,-36.539677657199995,0.7887818933,0.7887818933
-23.769492231399997,-36.916931239600004,0.7871595631,0.7871595631
-24.011168088,-37.2941924403,0.7854366932,0.7854366932
-24.2528338167,-37.6714600045,0.7836229926,0.7836229926
-24.4944913894,-38.0487328566,0.7817286147,0.7817286147
-24.7361426882,-38.4260095627,0.7797641192,0.7797641192
-24.9777897746,-38.803289047199996,0.7777404325,0.7777404325
-25.219434441,-39.1805700554,0.7756688055,0.7756688055
-25.4610786593,-39.5578514221,0.7735607714,0.7735607714
-25.702724401199998,-39.9351317133,0.7714281008,0.7714281008
-25.9443734594,-40.3124098534,0.7692827567,0.7692827567
-26.1860279848,-40.6896845877,0.7671368485,0.7671368485
-26.427689680300002,-41.0669547511,0.7650025849,0.7650025849
-26.669360607399998,-41.444218999,0.7628922265000001,0.7628922265000001
-26.911042648200002,-41.8214760769,0.7608180382999999,0.7608180382999999
-27.152737684899996,-42.198724909,0.7587922418999999,0.7587922418999999
-27.3944476892,-42.5759641511,0.7568269681,0.7568269681
-27.636174722699998,-42.953192638000004,0.7549342091,0.7549342091
-27.8779204881,-43.3304091149,0.7531257722,0.7531257722
-28.1196869574,-43.7076123271,0.7514132334,0.7514132334
-28.361476191799998,-44.0848011093,0.7498078923999999,0.7498078923999999
-28.603289984,-44.4619741172,0.7483207282,0.7483207282
-28.845130305700003,-44.8391302753,0.7469623567,0.7469623567
-29.0869991287,-45.216268239099996,0.7457429889,0.7457429889
-29.328898335199998,-45.59338684350001,0.7446723916,0.7446723916
-29.570829897,-45.9704847442,0.7437598487999999,0.7437598487999999
-29.812795606599998,-46.3475608655,0.7430141263,0.7430141263
-30.054797615,-46.7246139528,0.7424434375,0.7424434375
-30.2968376252,-47.101642661599996,0.7420554117,0.7420554117
-30.538917698600002,-47.4786458267,0.7418570648999999,0.7418570648999999
-30.7810397173,-47.855622283100004,0.741854773,0.741854773
-31.0232055635,-48.2325706862,0.7420542472,0.7420542472
-31.265417298600003,-48.609489960699996,0.7424605132,0.7424605132
-31.5076767152,-48.9863787621,0.7430778914,0.7430778914
-31.749985785,-49.3632358356,0.7439099820999999,0.7439099820999999
-31.992346479899997,-49.740060016,0.7449596517,0.7449596517
-32.2347606819,-50.1168500486,0.7462290229,0.7462290229
-32.4772303629,-50.4936047683,0.7477194676000001,0.7477194676000001
-32.719757405100005,-50.8703228306,0.7494316033,0.7494316033
-32.9623436906,-51.2470030705,0.7513652912000001,0.7513652912000001
-33.2049912808,-51.6236443226,0.7535196391,0.7535196391
-33.4477019682,-52.0002452428,0.7558930057,0.7558930057
-33.690477724699996,-52.3768046657,0.7584830093000001,0.7584830093000001
-33.933320521999995,-52.753321336599996,0.7612865379000001,0.7612865379000001
-34.1762322424,-53.1297940904,0.7642997635,0.7642997635
-34.4192147679,-53.50622158270001,0.7675181587000001,0.7675181587000001
-34.6622692637,-53.8826031861,0.7709365156999999,0.7709365156999999
-34.9052354771,-54.259036773000005,0.7745489682,0.7745489682
-35.1476020873,-54.635834782399996,0.7783490165000001,0.7783490165000001
-35.3888120638,-55.013337616899996,0.7823295533,0.7823295533
-35.6283080177,-55.3918858582,0.7864828937,0.7864828937
-35.8655328286,-55.771819998599995,0.7908008064000001,0.7908008064000001
-36.099929197399995,-56.153480440500005,0.7952745465000001,0.7952745465000001
-36.3309400039,-56.5372079451,0.7998948909999999,0.7998948909999999
-36.5581733998,-56.9232417262,0.8046521759,0.8046521759
-36.783623133,-57.3103633076,0.8095363340999999,0.8095363340999999
-37.0110754871,-57.6962587946,0.8145369354,0.8145369354
-37.244360035599996,-58.0785877627,0.8196432274,0.8196432274
-37.486011961799996,-58.4558171459,0.8248441773999999,0.8248441773999999
-37.7335330982,-58.8295532353,0.8301285152,0.8301285152
-37.983201871700004,-59.2021654049,0.8354847764,0.8354847764
-38.2313993319,-59.5759469351,0.840901346,0.840901346
-38.4782908402,-59.9503819342,0.8463665026999999,0.8463665026999999
-38.7288373289,-60.32139525149999,0.8518684629000001,0.8518684629000001
-38.988308405,-60.6846825603,0.8573954243999999,0.8573954243999999
-39.2619737653,-61.035939355,0.8629356104000001,0.8629356104000001
-39.5551030166,-61.370861219300004,0.8684773119,0.8684773119
-39.8729657662,-61.6851437371,0.8740089308,0.8740089308
-40.2208086765,-61.974445386899994,0.8795190206,0.8795190206
-40.5995849284,-62.227489326000004,0.8849963273,0.8849963273
-41.0009661318,-62.418018401000005,0.8904298283,0.8904298283
-41.4195823874,-62.5268606351,0.8958087701,0.8958087701
-41.858399624899995,-62.5559643355,0.9011227045999999,0.9011227045999999
-42.3116114623,-62.5313935099,0.9063615232,0.9063615232
-42.7659719567,-62.491561393400005,0.9115154899,0.9115154899
-43.2070597992,-62.4244332591,0.9165752712999999,0.9165752712999999
-43.623474552,-62.292175040699995,0.9215319654999999,0.9215319654999999
-44.018156332299995,-62.1010040586,0.9263771283,0.9263771283
-44.3974701657,-61.867855653199996,0.9311027967000001,0.9311027967000001
-44.76778080890001,-61.6096649854,0.935701511,0.935701511
-45.1350788269,-61.342242668699996,0.9401663334,0.9401663334
-45.5039561585,-61.0771996744,0.9444908648,0.9444908648
-45.8786788597,-60.82516717359999,0.9486692579000001,0.9486692579000001
-46.263448096400005,-60.596634278900005,0.9526962292,0.9526962292
-46.660261470600005,-60.397253483,0.9565670671,0.9565670671
-47.068422313199996,-60.226763434300004,0.9602776373999999,0.9602776373999999
-47.487070117399995,-60.0845425709,0.9638243868,0.9638243868
-47.9153441076,-59.969969331099996,0.9672043427,0.9672043427
-48.3523835978,-59.882422153,0.9704151112999999,0.9704151112999999
-48.7973279017,-59.821279475,0.9734548723,0.9734548723
-49.2493019036,-59.785940170100005,0.9763223714,0.9763223714
-49.705174312299995,-59.7789923014,0.9790169098,0.9790169098
-50.1571328983,-59.809640181700004,0.9815383319,0.9815383319
-50.596783754499995,-59.8879106287,0.9838870099,0.9838870099
-51.0163044341,-60.0227870249,0.9860638265999999,0.9860638265999999
-51.4155207921,-60.209290064499996,0.9880701555,0.9880701555
-51.7997147145,-60.4324809337,0.9899078392,0.9899078392
-52.174285229300004,-60.6772060729,0.991579166,0.991579166
-52.543814147700004,-60.9308097313,0.9930868436,0.9930868436
-52.909907402399995,-61.1897294234,0.9944339724,0.9944339724
-53.2734936166,-61.45247250479999,0.9956240165000001,0.9956240165000001
-53.6355014134,-61.7175460618,0.9966607731999999,0.9966607731999999
-53.996859415900005,-61.9834571812,0.9975483419,0.9975483419
-54.3584961578,-62.2487130392,0.9982910909999999,0.9982910909999999
-54.7213404414,-62.5118207222,0.9988936246,0.9988936246
-55.0861556181,-62.7715620232,0.9993607482,0.9993607482
-55.4526010165,-63.0285552771,0.9996974338,0.9996974338
-55.81988227430001,-63.284172849499996,0.9999087847,0.9999087847
-56.1872039537,-63.539789167100004,1.0,1.0
-56.5537705275,-63.7967789256,0.9999763389,0.9999763389
-56.9187865578,-64.05651646220001,0.9998430855,0.9998430855
-57.28145642770001,-64.3203763829,0.9996055140000001,0.9996055140000001
-57.64099841229999,-64.5897088257,0.9992688537000001,0.9992688537000001
-57.9986329596,-64.86227258310001,0.9988382556000001,0.9988382556000001
-58.35967673060001,-65.1284812634,0.9983187589,0.9983187589
-58.7299468625,-65.3778504146,0.9977152595000001,0.9977152595000001
-59.114877786,-65.6005583747,0.9970324787999999,0.9970324787999999
-59.514840287,-65.7955492504,0.9962749347,0.9962749347
-59.926620349,-65.9679726386,0.9954469128,0.9954469128
-60.346928310200006,-66.12310943920001,0.9945524409000001,0.9945524409000001
-60.7729636025,-66.26492760939999,0.9935952637000001,0.9935952637000001
-61.2037033153,-66.39262239029999,0.9925788202,0.9925788202
-61.6385283963,-66.5043048974,0.9915062232999999,0.9915062232999999
-62.0768197934,-66.5980863356,0.9903802405,0.9903802405
-62.5179584543,-66.6720778204,0.9892032779000001,0.9892032779000001
-62.961325416499996,-66.724390288,0.9879773654999999,0.9879773654999999
-63.4063015379,-66.7531351227,0.9867041458,0.9867041458
-63.8522456287,-66.7567720881,0.9853848640999999,0.9853848640999999
-64.2983686146,-66.7360811166,0.9840203614,0.9840203614
-64.7438211921,-66.69278931640001,0.9826110698,0.9826110698
-65.1877537889,-66.6286264845,0.9811570109000001,0.9811570109000001
-65.6293168326,-66.545322149,0.9796577956,0.9796577956
-66.0676608407,-66.4446062861,0.9781126279000001,0.9781126279000001
-66.5019362406,-66.3282086034,0.9765203095999999,0.9765203095999999
-66.9312162915,-66.1975904655,0.9748792492,0.9748792492
-67.353566668,-66.0507073062,0.9731874717,0.9731874717
-67.7663454413,-65.88305376609999,0.9714426316,0.9714426316
-68.1668961629,-65.6900738466,0.9696420286,0.9696420286
-68.55331399479999,-65.4689636633,0.9677826242,0.9677826242
-68.92639114810001,-65.2232062924,0.9658610623,0.9658610623
-69.2875242771,-64.9576947293,0.9638736903,0.9638736903
-69.6380813554,-64.6772567207,0.9618165831000001,0.9618165831000001
-69.9785272772,-64.3846785845,0.9596855688,0.9596855688
-70.3082670102,-64.0803510933,0.9574762556,0.9574762556
-70.6266448449,-63.7645277117,0.9551840614,0.9551840614
-70.9330052509,-63.4374622627,0.9528042437,0.9528042437
-71.2266925187,-63.0994085695,0.9503319317,0.9503319317
-71.5070511179,-62.750620096599995,0.9477621591,0.9477621591
-71.7734267729,-62.391351653,0.9450898977,0.9450898977
-72.0253499291,-62.021973935,0.9423100928,0.9423100928
-72.2627205629,-61.6430906687,0.939417698,0.939417698
-72.4854825679,-61.2553329164,0.9364077115,0.9364077115
-72.693580017,-60.8593319194,0.9332752121,0.9332752121
-72.886956804,-60.455719008900004,0.9300153958,0.9300153958
-73.06555691189999,-60.045125426400006,0.9266236115,0.9266236115
-73.22932432409999,-59.628182323699995,0.9230953976999999,0.9230953976999999
-73.3782029342,-59.205521031800004,0.919426518,0.919426518
-73.5121368151,-58.777772702700005,0.9156129956999999,0.9156129956999999
-73.6310698604,-58.345568577799995,0.9116511485,0.9116511485
-73.7349459638,-57.9095399883,0.9075376217,0.9075376217
-73.8237091981,-57.470318085900004,0.9032694202,0.9032694202
-73.8973035467,-57.0285340225,0.8988439396,0.8988439396
-73.9556728134,-56.5848192188,0.8942589955,0.8942589955
-73.9988570614,-56.139766645600005,0.8895128512999999,0.8895128512999999
-74.0275171092,-55.693721635100005,0.8846042443000001,0.8846042443000001
-74.0425614138,-55.2469312881,0.87953241,0.87953241
-74.0448987908,-54.79964216810001,0.8742971039,0.8742971039
-74.03543841439999,-54.352100928,0.8688986218000001,0.8688986218000001
-74.0150891898,-53.9045541309,0.8633378172,0.8633378172
-73.984760112,-53.4572485196,0.8576161171,0.8576161171
-73.9453573974,-53.0104309261,0.8517355342,0.8517355342
-73.8974282175,-52.5643609993,0.8456986778,0.8456986778
-73.8408071213,-52.1193246486,0.8395087609999999,0.8395087609999999
-73.775245036,-51.675610741199996,0.8331696062,0.8331696062
-73.70049270930001,-51.2335082338,0.8266856470999999,0.8266856470999999
-73.6163010686,-50.79330599359999,0.8200619281,0.8200619281
-73.5224206824,-50.3552928877,0.8133041013,0.8133041013
-73.4186026572,-49.9197578728,0.8064184204000001,0.8064184204000001
-73.304692566,-49.486952173,0.7994117318,0.7994117318
-73.18087055859999,-49.056994902,0.7922914629000001,0.7922914629000001
-73.0473901893,-48.6299762246,0.7850656078,0.7850656078
-72.9045048329,-48.205986305299994,0.7777427105,0.7777427105
-72.75246804359999,-47.7851152189,0.7703318446999999,0.7703318446999999
-72.59153319640001,-47.3674529508,0.7628425918999999,0.7628425918999999
-72.4219538455,-46.9530898448,0.7552850164,0.7552850164
-72.2439834554,-46.5421157966,0.7476696384,0.7476696384
-72.0578754906,-46.134620970600004,0.7400074041,0.7400074041
-71.8638835054,-45.7306956212,0.7323096542,0.7323096542
-71.6622608747,-45.3304296438,0.7245880901,0.7245880901
-71.4532610631,-44.9339132032,0.7168547381999999,0.7168547381999999
-71.2371377143,-44.541236553400005,0.7091219122,0.7091219122
-71.0141441136,-44.152489590200005,0.7014021743000001,0.7014021743000001
-70.78457352,-43.767727344399994,0.6937082942,0.6937082942
-70.5492208334,-43.3865587742,0.6860532072,0.6860532072
-70.30922529979999,-43.0082872108,0.6784499712000001,0.6784499712000001
-70.0657327083,-42.6322101592,0.6709117225,0.6709117225
-69.8198888476,-42.257624856,0.6634516308,0.6634516308
-69.5728395962,-41.8838287166,0.6560828539,0.6560828539
-69.3257307429,-41.510119067,0.6488184919,0.6488184919
-69.07970816640001,-41.1357933229,0.6416715405,0.6416715405
-68.83562583060001,-40.7603226862,0.6346548458,0.6346548458
-68.5933128172,-40.3837884485,0.6277810573,0.6277810573
-68.3523740513,-40.006405445,0.6210625834000001,0.6210625834000001
-68.1124141893,-39.6283887801,0.6145115453,0.6145115453
-67.8730377976,-39.249953468499996,0.6081397338000001,0.6081397338000001
-67.6338495326,-38.8713144352,0.6019585651,0.6019585651
-67.39445431930001,-38.4926866053,0.5959790392000001,0.5959790392000001
-67.15450324060001,-38.114261869699995,0.590211699,0.590211699
-66.9139480774,-37.7360819944,0.5846665907999999,0.5846665907999999
-66.6728594556,-37.3581297712,0.5793532268,0.5793532268
-66.4313082699,-36.9803876332,0.5742805490999999,0.5742805490999999
-66.1893655048,-36.6028381032,0.5694568960999999,0.5694568960999999
-65.947102055,-36.2254637039,0.5648899707,0.5648899707
-65.7045888154,-35.848246778800004,0.560586811,0.560586811
-65.4618967703,-35.471170030100005,0.5565537632,0.5565537632
-65.21909681460001,-35.0942158012,0.5527964572999999,0.5527964572999999
-64.9762599326,-34.717366614899994,0.5493197851,0.5493197851
-64.7334570192,-34.3406050836,0.5461278813,0.5461278813
-64.4907589691,-33.9639134611,0.5432241074,0.5432241074
-64.2482367668,-33.5872744496,0.5406110383,0.5406110383
-64.00596130699999,-33.2106704822,0.5382904517,0.5382904517
-63.7640015128,-32.834083902399996,0.5362633212,0.5362633212
-63.522366705299994,-32.4574931101,0.5345298117,0.5345298117
-63.280996745,-32.0808716654,0.5330892785,0.5330892785
-63.0398276383,-31.704193038899998,0.531940269,0.531940269
-62.798795570900005,-31.327430521700002,0.5310805278,0.5310805278
-62.557836639099996,-30.950557673899997,0.5305070046,0.5305070046
-62.3168866699,-30.5735477867,0.5302158655,0.5302158655
-62.0758820283,-30.196374330700003,0.5302025073,0.5302025073
-61.8347585417,-29.8190106866,0.5304615739,0.5304615739
-61.5934523956,-29.4414302353,0.5309869769,0.5309869769
-61.3518995967,-29.0636063577,0.5317719179,0.5317719179
-61.1100363305,-28.6855125242,0.5328089144,0.5328089144
-60.86779851399999,-28.3071221156,0.5340898272,0.5340898272
-60.625122243199996,-27.9284084232,0.5356058914999999,0.5356058914999999
-60.381943703900006,-27.5493450071,0.5373477494,0.5373477494
-60.1379741186,-27.170153783099998,0.5393054854,0.5393054854
-59.8900800451,-26.7942054357,0.5414686632,0.5414686632
-59.6331748046,-26.42703173,0.5438263649,0.5438263649
-59.362133896,-26.074206825100003,0.5463672321,0.5463672321
-59.0718325491,-25.741304790100003,0.5490795081000001,0.5490795081000001
-58.7571460833,-25.4338997838,0.551951082,0.551951082
-58.4129498181,-25.1575659652,0.5549695337,0.5549695337
-58.0344005013,-24.9178738184,0.55812218,0.55812218
-57.625114394300006,-24.7202849309,0.5613961218,0.5613961218
-57.198281602899996,-24.5699797312,0.5647782914,0.5647782914
-56.762869466400005,-24.4675321892,0.5682555013,0.5682555013
-56.3223607921,-24.408639502,0.5718144919,0.5718144919
-55.8795650215,-24.3910017567,0.5754419801,0.5754419801
-55.437144070200006,-24.4132090342,0.5791247079999999,0.5791247079999999
-54.997758509200004,-24.4738516844,0.5828494903,0.5828494903
-54.5639320499,-24.5713437613,0.5866032621,0.5866032621
-54.1379231975,-24.703757123699997,0.5903731253,0.5903731253
-53.7219601637,-24.869124732600003,0.5941463947,0.5941463947
-53.318271249700004,-25.065479459200002,0.597910642,0.597910642
-52.9290845774,-25.290854174699998,0.60165374,0.60165374
-52.55662844810001,-25.5432817505,0.6053639033,0.6053639033
-52.2031310734,-25.8207950576,0.6090297297,0.6090297297
-51.870483847399996,-26.1214550206,0.6126402376,0.6126402376
-51.5594270872,-26.4434186439,0.6161849031000001,0.6161849031000001
-51.2704552641,-26.7848631874,0.6196536936,0.6196536936
-51.004062848800004,-27.1439662696,0.6230371006000001,0.6230371006000001
-50.7607444917,-27.5189050609,0.6263261689999999,0.6263261689999999
-50.5409945742,-27.9078570902,0.629512524,0.629512524
-50.3453076568,-28.3089997968,0.6325883964,0.6325883964
-50.174080338100005,-28.720573448299998,0.6355466439999999,0.6355466439999999
-50.0270991271,-29.1412111465,0.6383807708,0.6383807708
-49.9039155313,-29.5696969248,0.6410849434,0.6410849434
-49.8040806102,-30.0048150854,0.6436540045,0.6436540045
-49.7271456921,-30.4453499307,0.6460834832,0.6460834832
-49.672661657,-30.890085942,0.648369603,0.648369603
-49.640179833400005,-31.337807421599997,0.6505092855,0.6505092855
-49.6292512805,-31.7872987614,0.652500153,0.652500153
-49.639427058,-32.237344263699995,0.6543405261,0.6543405261
-49.6702583147,-32.686728320300006,0.6560294202,0.6560294202
-49.7212962893,-33.1342352334,0.6575665379,0.6575665379
-49.7920919517,-33.5786493949,0.6589522587,0.6589522587
-49.882196451000006,-34.0187551967,0.6601876264000001,0.6601876264000001
-49.99116093600001,-34.4533370306,0.6612743331000001,0.6612743331000001
-50.1185219467,-34.8812066248,0.6622147013,0.6622147013
-50.2634004237,-35.3019613756,0.6630116627,0.6630116627
-50.4244510687,-35.716078993800004,0.6636687352,0.6636687352
-50.6003041155,-36.1240836169,0.664189997,0.664189997
-50.7895897981,-36.5264998305,0.664580059,0.664580059
-50.9909381708,-36.9238516825,0.6648440347,0.6648440347
-51.2029793779,-37.3166636687,0.6649875088,0.6649875088
-51.4243436531,-37.7054601059,0.6650165033,0.6650165033
-51.6536612304,-38.0907652212,0.6649374424,0.6649374424
-51.889562164,-38.4731033313,0.6647571162,0.6647571162
-52.1306765984,-38.8529988425,0.6644826426,0.6644826426
-52.375634767200005,-39.230975982,0.6641214283,0.6641214283
-52.6230668146,-39.6075590664,0.6636811295,0.6636811295
-52.8716028848,-39.983272502,0.6631696108,0.6631696108
-53.1198732116,-40.3586406057,0.6625949047,0.6625949047
-53.3665877965,-40.7341599097,0.6619651698,0.6619651698
-53.6114180679,-41.1099941623,0.6612886495,0.6612886495
-53.8546709974,-41.4860868089,0.6605736308,0.6605736308
-54.096665208299996,-41.8623776203,0.6598284025,0.6598284025
-54.3377188757,-42.238805919200004,0.6590612149,0.6590612149
-54.578150622799996,-42.615311476399995,0.6582802396999999,0.6582802396999999
-54.818278714399995,-42.9918337938,0.6574935302,0.6574935302
-55.058421683999995,-43.368312463,0.6567089834000001,0.6567089834000001
-55.298897886000006,-43.7446870755,0.6559343022999999,0.6559343022999999
-55.540025674700004,-44.1208972228,0.6551769605,0.6551769605
-55.7821235838,-44.4968824069,0.6544441672,0.6544441672
-56.0255099676,-44.8725823089,0.6537428348,0.6537428348
-56.2705032701,-45.247936520399996,0.6530795475,0.6530795475
-56.517421756000005,-45.622884543299996,0.6524605326,0.6524605326
-56.7665755341,-45.9973681201,0.6518916327000001,0.6518916327000001
-57.017305936899994,-46.3715700896,0.6513782815,0.6513782815
-57.2671113913,-46.746132269200004,0.6509254804,0.6509254804
-57.5132834653,-47.121747922,0.6505377786,0.6505377786
-57.7531390018,-47.49910305149999,0.6502192549,0.6502192549
-57.9868615564,-47.87804457520001,0.6499735021,0.6499735021
-58.2200925081,-48.2568221715,0.6498036146,0.6498036146
-58.4590853867,-48.6335064446,0.6497121779,0.6497121779
-58.709374646499995,-49.006422538500004,0.6497012605,0.6497012605
-58.96783948270001,-49.3769598479,0.6497724098,0.6497724098
-59.2256330143,-49.748535483599994,0.6499266491,0.6499266491
-59.4738057375,-50.124602407299996,0.6501644783,0.6501644783
-59.7034085071,-50.5086138496,0.6504858771,0.6504858771
-59.9054920884,-50.904022772,0.6508903103,0.6508903103
-60.0711070672,-51.3142824947,0.6513767363,0.6513767363
-60.1913975999,-51.7426286345,0.651943618,0.651943618
-60.2601237797,-52.1861983324,0.6525889358,0.6525889358
-60.273954716800006,-52.635347746,0.6533102036,0.6533102036
-60.2297115283,-53.0800789175,0.6541044867,0.6541044867
-60.1247977259,-53.5109225974,0.6549684218999999,0.6549684218999999
-59.9601405886,-53.9216070615,0.6558982402,0.6558982402
-59.7379853569,-54.307056386300005,0.6568897906000001,0.6568897906000001
-59.4606024567,-54.6621646233,0.6579385668,0.6579385668
-59.1326165407,-54.978569682700005,0.6590397345000001,0.6590397345000001
-58.762993155699995,-55.2419039423,0.6601881617,0.6601881617
-58.3611662382,-55.4371522262,0.6613784491,0.6613784491
-57.93651119850001,-55.550862718599994,0.6626049622,0.6626049622
-57.4977495296,-55.5871225802,0.6638618653,0.6638618653
-57.053191696400006,-55.5610401093,0.6651431549,0.6651431549
-56.6111410829,-55.4878935362,0.6664426954,0.6664426954
-56.177840553500005,-55.380862301,0.6677542546,0.6677542546
-55.7529955946,-55.2464653185,0.6690715395,0.6690715395
-55.3350180195,-55.08990336229999,0.6703882328999999,0.6703882328999999
-54.9223195518,-54.9163773854,0.6716980297,0.6716980297
-54.513311825699994,-54.7310883406,0.6729946731,0.6729946731
-54.106406744,-54.5392370912,0.6742719905,0.6742719905
-53.7000160304,-54.3460245006,0.6755239288,0.6755239288
-53.2925874387,-54.1565315113,0.6767445898000001,0.6767445898000001
-52.883485066700004,-53.9727921137,0.6779282634999999,0.6779282634999999
-52.4730394579,-53.79362664,0.6790694612,0.6790694612
-52.0616274036,-53.6177016228,0.6801629476000001,0.6801629476000001
-51.649625515299995,-53.44368368439999,0.6812037711,0.6812037711
-51.2374106738,-53.270239536700004,0.6821872928,0.6821872928
-50.8253594908,-53.096035712399996,0.6831092139,0.6831092139
-50.4138466063,-52.919746362299996,0.6839656011,0.6839656011
-50.003061760200005,-52.7407332542,0.6847529109999999,0.6847529109999999
-49.5928624459,-52.559590613500006,0.685468011,0.685468011
-49.18307191939999,-52.3770407426,0.6861081997,0.6861081997
-48.7735132574,-52.1938058542,0.6866712239,0.6866712239
-48.364009805500004,-52.010608519399995,0.6871552937000001,0.6871552937000001
-47.9543845508,-51.8281707717,0.6875590956000001,0.6875590956000001
-47.5444607492,-51.6472150925,0.6878818026000001,0.6878818026000001
-47.134130848699996,-51.4681578879,0.6881230817,0.6881230817
-46.723505717600005,-51.2904513591,0.6882830997,0.6882830997
-46.312739245,-51.1133575189,0.6883625259,0.6883625259
-45.9019852305,-50.93613864939999,0.6883625315,0.6883625315
-45.4913977426,-50.758056763599996,0.6882847879999999,0.6882847879999999
-45.0811305808,-50.578374053699996,0.6881314617000001,0.6881314617000001
-44.6713376344,-50.396352711999995,0.6879052059,0.6879052059
-44.2623207663,-50.2111325006,0.6876091512000001,0.6876091512000001
-43.8552347281,-50.021148087600004,0.6872468925,0.6872468925
-43.4515390921,-49.8245820211,0.6868224737999999,0.6868224737999999
-43.0526936097,-49.6196166697,0.6863403712,0.6863403712
-42.660158301399996,-49.4044343125,0.6858054726999999,0.6858054726999999
-42.2753930083,-49.1772173183,0.6852230565,0.6852230565
-41.899857661,-48.9361480559,0.6845987666,0.6845987666
-41.5348102613,-48.67968144899999,0.6839385873,0.6839385873
-41.179276476300004,-48.409292396000005,0.683248815,0.683248815
-40.830892578800004,-48.1283340143,0.6825360282999999,0.6825360282999999
-40.4872745857,-47.8401872057,0.6818070573,0.6818070573
-40.1469164981,-47.5472833657,0.6810689504999999,0.6810689504999999
-39.8110716571,-47.2490696762,0.680328941,0.680328941
-39.4815334948,-46.9444089526,0.6795944112000001,0.6795944112000001
-39.160052691,-46.632195110699996,0.678872857,0.678872857
-38.8472955315,-46.312104508000004,0.6781718507,0.6781718507
-38.5427895037,-45.9846359178,0.6774990034999999,0.6774990034999999
-38.246007691799996,-45.650327011099996,0.6768619275,0.6768619275
-37.9564234488,-45.309715548599996,0.6762681975,0.6762681975
-37.6735099484,-44.9633392015,0.6757253129,0.6757253129
-37.3967404539,-44.6117357304,0.6752406591,0.6752406591
-37.1255882288,-44.2554428962,0.6748214698999999,0.6748214698999999
-36.8595264468,-43.89499836979999,0.6744747899,0.6744747899
-36.5980283712,-43.5309399121,0.6742074376999999,0.6742074376999999
-36.3405672654,-43.1638051941,0.6740259698000001,0.6740259698000001
-36.0866163032,-42.7941319766,0.6739366461,0.6739366461
-35.8356488375,-42.4224579307,0.6739453954000001,0.6739453954000001
-35.5871379524,-42.049320906700004,0.6740577836,0.6740577836
-35.340557001,-41.6752584861,0.6742789824,0.6742789824
-35.095363203299996,-41.3007371764,0.6746137399,0.6746137399
-34.8509634991,-40.9260000453,0.6750663534,0.6750663534
-34.6067553272,-40.5512465126,0.6756406438,0.6756406438
-34.3621357684,-40.1766756392,0.6763399318000001,0.6763399318000001
-34.1165020825,-39.802487024099996,0.6771670170999999,0.6771670170999999
-33.8692515294,-39.4288797283,0.678124159,0.678124159
-33.6197813688,-39.0560532612,0.6792130598999999,0.6792130598999999
-33.3675881671,-38.6841625873,0.6804348514,0.6804348514
-33.114669436599996,-38.3122506719,0.6817900826000001,0.6817900826000001
-32.8656487543,-37.9381923741,0.6832787112,0.6832787112
-32.6252741891,-37.5598072535,0.6849000976,0.6849000976
-32.3982938993,-37.1749148696,0.6866530009999999,0.6866530009999999
-32.1894559536,-36.7813346922,0.6885355790000001,0.6885355790000001
-32.003508510500005,-36.37688646,0.6905453895999999,0.6905453895999999
-31.8452228519,-35.9594128563,0.6926793963,0.6926793963
-31.7214753244,-35.5288717565,0.6949339753,0.6949339753
-31.6428937828,-35.0889901113,0.6973049264,0.6973049264
-31.6204935389,-34.643884031,0.699787486,0.699787486
-31.664423302600003,-34.1980957115,0.7023763428,0.7023763428
-31.7753838658,-33.7608136913,0.7050656562000001,0.7050656562000001
-31.9482639025,-33.3440844381,0.7078490776,0.7078490776
-32.1778664033,-32.959994213899996,0.7107197739,0.7107197739
-32.4578202479,-32.61659975,0.7136704526000001,0.7136704526000001
-32.7781502436,-32.3095941208,0.7166933911,0.7166933911
-33.1281927746,-32.0323067627,0.7197804657,0.7197804657
-33.4973715211,-31.7780303656,0.722923185,0.722923185
-33.8771947931,-31.539183489000003,0.7261127232,0.7261127232
-34.2612945177,-31.307293802199997,0.7293399566,0.7293399566
-34.643398433,-31.0738490907,0.7325955009,0.7325955009
-35.018077665199996,-30.8313177464,0.73586975,0.73586975
-35.3845571217,-30.577578393000003,0.7391529162999999,0.7391529162999999
-35.743657515100004,-30.3123647493,0.7424350724,0.7424350724
-36.0962010816,-30.0354123266,0.7457061925,0.7457061925
-36.44208,-29.7461995866,0.748956196,0.748956196
-36.7760551366,-29.4427862886,0.7521749906,0.7521749906
-37.0911276249,-29.122745697800003,0.7553525164,0.7553525164
-37.3803454736,-28.783673844299997,0.7584787895,0.7584787895
-37.6406317054,-28.425017910100003,0.7615439462000001,0.7615439462000001
-37.8755426216,-28.0493937427,0.7645382865000001,0.7645382865000001
-38.0892854829,-27.659728194499998,0.7674523176000001,0.7674523176000001
-38.2860674604,-27.2589481179,0.7702767962,0.7702767962
-38.4700958148,-26.8499800965,0.7730027706,0.7730027706
-38.6455775379,-26.4357509825,0.7756216212,0.7756216212
-38.816719263,-26.01918727,0.7781251006000001,0.7781251006000001
-38.9868188974,-25.6025687955,0.7805053711,0.7805053711
-39.156454354699996,-25.1862408014,0.7827550423,0.7827550423
-39.3256966193,-24.7701878719,0.7848672054000001,0.7848672054000001
-39.494616585900005,-24.3543947705,0.7868354667,0.7868354667
-39.663285149400004,-23.9388459917,0.7886539786,0.7886539786
-39.8317734735,-23.523526299,0.7903174686,0.7903174686
-40.0001523632,-23.108420186900002,0.7918212659999999,0.7918212659999999
-40.1684928927,-22.6935123293,0.7931613261,0.7931613261
-40.3368659567,-22.278787310300004,0.7943342518000001,0.7943342518000001
-40.5053426292,-21.8642298935,0.7953373129000001,0.7953373129000001
-40.6739937155,-21.4498245732,0.7961684620999999,0.7961684620999999
-40.8428902896,-21.0355561131,0.796826349,0.796826349
-41.0121033358,-20.6214089181,0.7973103302,0.7973103302
-41.181703749,-20.2073679307,0.7976204776000001,0.7976204776000001
-41.3517585701,-19.7934183627,0.7977575827,0.7977575827
-41.5222926256,-19.379555284600002,0.7977231583,0.7977231583
-41.6933061844,-18.9657790548,0.7975194375,0.7975194375
-41.864798888,-18.5520901215,0.7971493695,0.7971493695
-42.0367704675,-18.1384890225,0.7966166116,0.7966166116
-42.2092206541,-17.7249762954,0.7959255195999999,0.7959255195999999
-42.3821493581,-17.3115522989,0.7950811340999999,0.7950811340999999
-42.555556041799996,-16.8982176603,0.7940891644,0.7940891644
-42.729440705100004,-16.484972738099998,0.7929559695999999,0.7929559695999999
-42.9038029,-16.0718181597,0.7916885365,0.7916885365
-43.078642536800004,-15.658754283699999,0.7902944555,0.7902944555
-43.253959167299996,-15.2457816477,0.7887818933,0.7887818933
-43.429752701999995,-14.8329007895,0.7871595631,0.7871595631
-43.606022782299995,-14.4201121573,0.7854366932,0.7854366932
-43.782769228999996,-14.007416288800002,0.7836229926,0.7836229926
-43.9595555596,-13.594694787,0.7817286147,0.7817286147
-44.133566148599996,-13.1811814326,0.7797641192,0.7797641192
-44.301177743400004,-12.765890062,0.7777404325,0.7777404325
-44.458766912200005,-12.3478344219,0.7756688055,0.7756688055
-44.6027097751,-11.92602808,0.7735607714,0.7735607714
-44.729382721,-11.4994847831,0.7714281008,0.7714281008
-44.8351619596,-11.0672180987,0.7692827567,0.7692827567
-44.916635040500005,-10.6284110787,0.7671368485,0.7671368485
-44.9725786479,-10.1840011297,0.7650025849,0.7650025849
-45.003065648100005,-9.7359647015,0.7628922265000001,0.7628922265000001
-45.0081859369,-9.2862916882,0.7608180382999999,0.7608180382999999
-44.988029141000005,-8.8369719836,0.7587922418999999,0.7587922418999999
-44.9426851562,-8.3899954819,0.7568269681,0.7568269681
-44.8722436989,-7.947352256,0.7549342091,0.7549342091
-44.7768113352,-7.5109913302999995,0.7531257722,0.7531257722
-44.6568764417,-7.0819290725,0.7514132334,0.7514132334
-44.5133084876,-6.6602501799,0.7498078923999999,0.7498078923999999
-44.3469937029,-6.2459991074,0.7483207282,0.7483207282
-44.15875629520001,-5.839484260800001,0.7469623567,0.7469623567
-43.949086971499995,-5.442434003,0.7457429889,0.7457429889
-43.7183650321,-5.0570527945,0.7446723916,0.7446723916
-43.466967088900006,-4.6855437515,0.7437598487999999,0.7437598487999999
-43.1951037649,-4.3299917723000005,0.7430141263,0.7430141263
-42.9027048822,-3.9922827837,0.7424434375,0.7424434375
-42.589673285399996,-3.674283443,0.7420554117,0.7420554117
-42.2561438629,-3.3775884794,0.7418570648999999,0.7418570648999999
-41.9046263439,-3.1010089042,0.741854773,0.741854773
-41.5390222723,-2.8417238036000003,0.7420542472,0.7420542472
-41.1632502207,-2.5968922774000003,0.7424605132,0.7424605132
-40.7805553063,-2.3639547639,0.7430778914,0.7430778914
-40.3921984885,-2.1411809281,0.7439099820999999,0.7439099820999999
-39.9990772003,-1.9269928906,0.7449596517,0.7449596517
-39.602088695300004,-1.7198124131,0.7462290229,0.7462290229
-39.2021303171,-1.5180613472,0.7477194676000001,0.7477194676000001
-38.8000994091,-1.3201617237,0.7494316033,0.7494316033
-38.396893225,-1.1245352147,0.7513652912000001,0.7513652912000001
-37.9933069336,-0.9297784442,0.7535196391,0.7535196391
-37.5895882635,-0.7354202439,0.7558930057,0.7558930057
-37.1858029111,-0.5413003613,0.7584830093000001,0.7584830093000001
-36.7820165728,-0.34725836439999996,0.7612865379000001,0.7612865379000001
-36.378294765700005,-0.1531341797,0.7642997635,0.7642997635
-35.974703276,0.041232535099999995,0.7675181587000001,0.7675181587000001
-35.5713076209,0.2360020327,0.7709365156999999,0.7709365156999999
-35.1681687465,0.4313233624,0.7745489682,0.7745489682
-34.7653003657,0.6272322854,0.7783490165000001,0.7783490165000001
-34.3626886761,0.8236979699,0.7823295533,0.7823295533
-33.9603192477,1.0206889571,0.7864828937,0.7864828937
-33.558178009,1.2181737878,0.7908008064000001,0.7908008064000001
-33.1562505303,1.4161209136000001,0.7952745465000001,0.7952745465000001
-32.75452274,1.6144988753,0.7998948909999999,0.7998948909999999
-32.352980298,1.813276214,0.8046521759,0.8046521759
-31.9516089535,2.012421381,0.8095363340999999,0.8095363340999999
-31.5503944559,2.2119028277,0.8145369354,0.8145369354
-31.1493225544,2.4116890951,0.8196432274,0.8196432274
-30.7483790882,2.6117487243,0.8248441773999999,0.8248441773999999
-30.3475496273,2.8120501664999997,0.8301285152,0.8301285152
-29.9468200106,3.0125618731,0.8354847764,0.8354847764
-29.546175987399998,3.2132524749,0.840901346,0.840901346
-29.1456033072,3.414090423,0.8463665026999999,0.8463665026999999
-28.7450878089,3.615044169,0.8518684629000001,0.8518684629000001
-28.344615062600003,3.8160822538,0.8573954243999999,0.8573954243999999
-27.944170907199997,4.0171731288,0.8629356104000001,0.8629356104000001
-27.5437410921,4.2182853349,0.8684773119,0.8684773119
-27.1433113666,4.4193874132,0.8740089308,0.8740089308
-26.742867480100003,4.6204478150999995,0.8795190206,0.8795190206
-26.3423951819,4.8214350815,0.8849963273,0.8849963273
-25.941880221399998,5.022317574200001,0.8904298283,0.8904298283
-25.5413083478,5.2230640134,0.8958087701,0.8958087701
-25.140665221,5.4236426713,0.9011227045999999,0.9011227045999999
-24.7399367694,5.624022267999999,0.9063615232,0.9063615232
-24.339108563200003,5.824171165499999,0.9115154899,0.9115154899
-23.938166531,6.0240579045,0.9165752712999999,0.9165752712999999
-23.5370966911,6.2236519225,0.9215319654999999,0.9215319654999999
-23.1358954582,6.4229468559,0.9263771283,0.9263771283
-22.7345691063,6.6219594649,0.9311027967000001,0.9311027967000001
-22.3331245367,6.8207079437,0.935701511,0.935701511
-21.9315683818,7.0192101282,0.9401663334,0.9401663334
-21.5299075427,7.2174842124000005,0.9444908648,0.9444908648
-21.1281487416,7.4155480322,0.9486692579000001,0.9486692579000001
-20.7262987004,7.6134196922,0.9526962292,0.9526962292
-20.3243642308,7.811117207300001,0.9565670671,0.9565670671
-19.9223521444,8.0086585926,0.9602776373999999,0.9602776373999999
-19.5202691632,8.2060617734,0.9638243868,0.9638243868
-19.1181220988,8.4033448542,0.9672043427,0.9672043427
-18.715917673299998,8.6005258502,0.9704151112999999,0.9704151112999999
-18.3136627879,8.7976226866,0.9734548723,0.9734548723
-17.911364075,8.994653468,0.9763223714,0.9763223714
-17.509028346300003,9.1916361199,0.9790169098,0.9790169098
-17.1066624133,9.3885886571,0.9815383319,0.9815383319
-16.7042729981,9.5855291844,0.9838870099,0.9838870099
-16.3018669123,9.7824756271,0.9860638265999999,0.9860638265999999
-15.8994509676,9.9794460897,0.9880701555,0.9880701555
-15.497031796300002,10.176458408,0.9899078392,0.9899078392
-15.0946163893,10.373530776299999,0.991579166,0.991579166
-14.692211379000002,10.5706811199,0.9930868436,0.9930868436
-14.2898234875,10.7679273641,0.9944339724,0.9944339724
-13.8874597055,10.9652877033,0.9956240165000001,0.9956240165000001
-13.485126575999999,11.1627800627,0.9966607731999999,0.9966607731999999
-13.0828309104,11.3604223677,0.9975483419,0.9975483419
-12.6805796101,11.5582328126,0.9982910909999999,0.9982910909999999
-12.278379397,11.7562292331,0.9988936246,0.9988936246
-11.876236903599999,11.9544292856,0.9993607482,0.9993607482
-11.4741510543,12.15281621,0.9996974338,0.9996974338
-11.0721078674,12.3513159745,0.9999087847,0.9999087847
-10.670091927,12.5498487217,1.0,1.0
-10.268087907,12.7483348629,0.9999763389,0.9999763389
-9.866080481200001,12.94669472,0.9998430855,0.9998430855
-9.464054413,13.1448485251,0.9996055140000001,0.9996055140000001
-9.0619942866,13.3427166,0.9992688537000001,0.9992688537000001
-8.659884865499999,13.5402193562,0.9988382556000001,0.9988382556000001
-8.2577107339,13.7372770256,0.9983187589,0.9983187589
-7.8554566551,13.933809930299999,0.9977152595000001,0.9977152595000001
-7.4531072134,14.1297383919,0.9970324787999999,0.9970324787999999
-7.050647082699999,14.3249827322,0.9962749347,0.9962749347
-6.648061116,14.519463273,0.9954469128,0.9954469128
-6.2453338078,14.713100246500002,0.9945524409000001,0.9945524409000001
-5.8424433788,14.905817918,0.9935952637000001,0.9935952637000001
-5.4392209722,15.097626684200002,0.9925788202,0.9925788202
-5.0353519084,15.288623073299998,0.9915062232999999,0.9915062232999999
-4.6305150545,15.4789069293,0.9903802405,0.9903802405
-4.224389457,15.6685783656,0.9892032779000001,0.9892032779000001
-3.8166541623000003,15.8577373158,0.9879773654999999,0.9879773654999999
-3.4069881274,16.046483893199998,0.9867041458,0.9867041458
-2.9951092968,16.2349548682,0.9853848640999999,0.9853848640999999
-2.5836682033000002,16.426072253399997,0.9840203614,0.9840203614
-2.1802440469,16.6274379241,0.9826110698,0.9826110698
-1.7928880913999998,16.8471021585,0.9811570109000001,0.9811570109000001
-1.4296515113,17.0931154138,0.9796577956,0.9796577956
-1.0985857499,17.3735279683,0.9781126279000001,0.9781126279000001
-0.8077419817,17.6963901898,0.9765203095999999,0.9765203095999999
-0.5651709327000001,18.0697449172,0.9748792492,0.9748792492
-0.37839722020000005,18.4938464219,0.9731874717,0.9731874717
-0.2534228812,18.9464184137,0.9714426316,0.9714426316
-0.19597614300000002,19.4011336509,0.9696420286,0.9696420286
-0.2139688104,19.8321208233,0.9677826242,0.9677826242
-0.3617476999,20.222675917300002,0.9658610623,0.9658610623
-0.6760497564,20.523206997,0.9638736903,0.9638736903
-1.0867499051,20.7113602451,0.9618165831000001,0.9618165831000001
-1.5187289771999999,20.847030376099998,0.9596855688,0.9596855688
-1.953268328,20.955545114,0.9574762556,0.9574762556
-2.3892430519,21.0503332402,0.9551840614,0.9551840614
-2.8255408802999997,21.144725126500003,0.9528042437,0.9528042437
-3.2614942730000003,21.2461227803,0.9503319317,0.9503319317
-3.6971357645,21.3525947444,0.9477621591,0.9477621591
-4.1325592836,21.461389297,0.9450898977,0.9450898977
-4.5678571459,21.569933253200002,0.9423100928,0.9423100928
-5.0031062513,21.6773278354,0.939417698,0.939417698
-5.4383746265,21.783591148299998,0.9364077115,0.9364077115
-5.8737304774000005,21.888750796900002,0.9332752121,0.9332752121
-6.3092417411,21.9928343863,0.9300153958,0.9300153958
-6.7449766237,22.095869611100003,0.9266236115,0.9266236115
-7.1810030622,22.197883807600004,0.9230953976999999,0.9230953976999999
-7.617366049299999,22.2989953727,0.919426518,0.919426518
-8.053637886,22.4011615762,0.9156129956999999,0.9156129956999999
-8.4889511642,22.508051828499998,0.9116511485,0.9116511485
-8.9224216259,22.6234008778,0.9075376217,0.9075376217
-9.3542351573,22.7461296176,0.9032694202,0.9032694202
-9.7899026405,22.8512011631,0.8988439396,0.8988439396
-10.232996330599999,22.905991184,0.8942589955,0.8942589955
-10.6693486521,22.8774938089,0.8895128512999999,0.8895128512999999
-11.087423651500002,22.754394820799998,0.8846042443000001,0.8846042443000001
-11.4884373852,22.5595501263,0.87953241,0.87953241
-11.8747111868,22.3187777974,0.8742971039,0.8742971039
-12.248573291500001,22.0577426442,0.8688986218000001,0.8688986218000001
-12.6127504151,21.792916188200003,0.8633378172,0.8633378172
-12.970586981099999,21.526527806199997,0.8576161171,0.8576161171
-13.3254804724,21.2595822144,0.8517355342,0.8517355342
-13.6809297393,20.9934400371,0.8456986778,0.8456986778
-14.0413662889,20.7327309461,0.8395087609999999,0.8395087609999999
-14.411723538,20.483844973,0.8331696062,0.8331696062
-14.7969356207,20.2531873857,0.8266856470999999,0.8266856470999999
-15.199457145799999,20.046069378,0.8200619281,0.8200619281
-15.6150778053,19.864861578699998,0.8133041013,0.8133041013
-16.0384794144,19.7114458813,0.8064184204000001,0.8064184204000001
-16.4645637325,19.5876176897,0.7994117318,0.7994117318
-16.8925405203,19.4934795369,0.7922914629000001,0.7922914629000001
-17.3255460879,19.427591478900002,0.7850656078,0.7850656078
-17.766860686199998,19.388456838,0.7777427105,0.7777427105
-18.2181455477,19.3757327021,0.7703318446999999,0.7703318446999999
-18.67329422,19.3946116888,0.7628425918999999,0.7628425918999999
-19.1238731809,19.451944869800002,0.7552850164,0.7552850164
-19.5614935423,19.5545114362,0.7476696384,0.7476696384
-19.9803246333,19.705003687,0.7400074041,0.7400074041
-20.3784204772,19.8999069078,0.7323096542,0.7323096542
-20.7541599046,20.1351873552,0.7245880901,0.7245880901
-21.1059219255,20.4068111965,0.7168547381999999,0.7168547381999999
-21.43208546,20.7107446883,0.7091219122,0.7091219122
-21.731029428600003,21.0429540875,0.7014021743000001,0.7014021743000001
-22.0011332891,21.3994063678,0.6937082942,0.6937082942
-22.240992321100002,21.7764493273,0.6860532072,0.6860532072
-22.449761433400003,22.171417017,0.6784499712000001,0.6784499712000001
-22.626684803299998,22.581800783200002,0.6709117225,0.6709117225
-22.7710065186,23.005092241,0.6634516308,0.6634516308
-22.8819709358,23.438782826199997,0.6560828539,0.6560828539
-22.9588219633,23.8803640641,0.6488184919,0.6488184919
-23.0008039577,24.3273274804,0.6416715405,0.6416715405
-23.0071621717,24.7771169189,0.6346548458,0.6346548458
-22.9771602316,25.2263074713,0.6277810573,0.6277810573
-22.9100783448,25.6707149108,0.6210625834000001,0.6210625834000001
-22.805197077,26.1061291087,0.6145115453,0.6145115453
-22.6617971732,26.5283403844,0.6081397338000001,0.6081397338000001
-22.4791591096,26.9331386988,0.6019585651,0.6019585651
-22.2565636311,27.316314281599997,0.5959790392000001,0.5959790392000001
-21.9933766283,27.6737293329,0.590211699,0.590211699
-21.6933478172,28.0049635927,0.5846665907999999,0.5846665907999999
-21.3666331675,28.315028632399997,0.5793532268,0.5793532268
-21.023896385,28.609366501,0.5742805490999999,0.5742805490999999
-20.675092048099998,28.893246715900002,0.5694568960999999,0.5694568960999999
-20.324120894100002,29.170463448099998,0.5648899707,0.5648899707
-19.971815824500002,29.4440632911,0.560586811,0.560586811
-19.6189854523,29.717084862199997,0.5565537632,0.5565537632
-19.2662429144,29.991712903699998,0.5527964572999999,0.5527964572999999
-18.913707504,30.267972601,0.5493197851,0.5493197851
-18.561421525,30.545552949,0.5461278813,0.5461278813
-18.2094274603,30.8241430324,0.5432241074,0.5432241074
-17.8577677037,31.1034317566,0.5406110383,0.5406110383
-17.506484469100002,31.3831083856,0.5382904517,0.5382904517
-17.1556203294,31.662861735,0.5362633212,0.5362633212
-16.8052150789,31.942452949699998,0.5345298117,0.5345298117
-16.455297667,32.2219728214,0.5330892785,0.5330892785
-16.1058936373,32.5016057124,0.531940269,0.531940269
-15.7570287128,32.7815364333,0.5310805278,0.5310805278
-15.408728437,33.061949436,0.5305070046,0.5305070046
-15.0610186225,33.3430294412,0.5302158655,0.5302158655
-14.7139247233,33.6249610801,0.5302025073,0.5302025073
-14.3674724623,33.907928984,0.5304615739,0.5304615739
-14.0216874727,34.192117694400004,0.5309869769,0.5309869769
-13.676595387799999,34.4777118424,0.5317719179,0.5317719179
-13.332221840899999,34.7648961489,0.5328089144,0.5328089144
-12.9885925548,35.0538550658,0.5340898272,0.5340898272
-12.6457331629,35.3447734036,0.5356058914999999,0.5356058914999999
-12.303669119,35.6378356141,0.5373477494,0.5373477494
-11.9624195138,35.933213511999995,0.5393054854,0.5393054854
-11.6192405127,36.225840046799995,0.5414686632,0.5414686632
-11.2644000806,36.497395682,0.5438263649,0.5438263649
-10.8870777544,36.7274970455,0.5463672321,0.5463672321
-10.4773648447,36.8961044835,0.5490795081000001,0.5490795081000001
-10.0416006542,36.989304512800004,0.551951082,0.551951082
-9.6001152272,36.9984589033,0.5549695337,0.5549695337
-9.1736955256,36.9151014191,0.55812218,0.55812218
-8.778238294400001,36.7369402136,0.5613961218,0.5613961218
-8.4078111363,36.4892411679,0.5647782914,0.5647782914
-8.0503935755,36.2049560192,0.5682555013,0.5682555013
-7.694088014299999,35.9167108004,0.5718144919,0.5718144919
-7.3326463899,35.6421515025,0.5754419801,0.5754419801
-6.9677070801,35.3780140076,0.5791247079999999,0.5791247079999999
-6.6014943529,35.1194807862,0.5828494903,0.5828494903
-6.2360486517,34.8620889619,0.5866032621,0.5866032621
-5.8719281723000005,34.6042418336,0.5903731253,0.5903731253
-5.508973827,34.345728778200005,0.5941463947,0.5941463947
-5.1470221364999995,34.0863479562,0.597910642,0.597910642
-4.7859093529,33.825897707399996,0.60165374,0.60165374
-4.4254719069999995,33.564176461100004,0.6053639033,0.6053639033
-4.0655461405,33.300982377800004,0.6090297297,0.6090297297
-3.7059684845,33.036113886799995,0.6126402376,0.6126402376
-3.3465751907,32.7693691487,0.6161849031000001,0.6161849031000001
-2.98720278,32.5005466823,0.6196536936,0.6196536936
-2.6276875938,32.2294446482,0.6230371006000001,0.6230371006000001
-2.2678659736,31.9558613861,0.6263261689999999,0.6263261689999999
-1.907574261,31.679595235700003,0.629512524,0.629512524
-1.5466488869,31.4004445367,0.6325883964,0.6325883964
-1.1848549395999999,31.1186183885,0.6355466439999999,0.6355466439999999
-0.8186777942,30.8532234298,0.6383807708,0.6383807708
-0.4400235244,30.6497533221,0.6410849434,0.6410849434
-0.0404577115,30.555663298899997,0.6436540045,0.6436540045
0.3821456814,30.612746958899997,0.6460834832,0.6460834832
0.7808984896,30.8188102385,0.648369603,0.648369603
1.0991686826,31.1438663444,0.6505092855,0.6505092855
1.3814168833000002,31.5026584217,0.652500153,0.652500153
1.6841195305,31.829750220900003,0.6543405261,0.6543405261
1.9834798155000002,32.1642428625,0.6560294202,0.6560294202
2.2792759119,32.5016985658,0.6575665379,0.6575665379
2.6461376267,32.7097615086,0.6589522587,0.6589522587
3.080228037,32.7405403337,0.6601876264000001,0.6601876264000001
3.5098193617,32.629552434299995,0.6612743331000001,0.6612743331000001
3.912871567,32.4337738287,0.6622147013,0.6622147013
4.3042887812,32.2133507243,0.6630116627,0.6630116627
4.6885624714,31.9823302381,0.6636687352,0.6636687352
5.0673241141,31.743139911700002,0.664189997,0.664189997
5.442205544299999,31.498206928000002,0.664580059,0.664580059
5.8148382384,31.2499588287,0.6648440347,0.6648440347
6.1868538520000005,31.000822796799998,0.6649875088,0.6649875088
6.5598840408,30.7532262842,0.6650165033,0.6650165033
6.9355278364999995,30.509547089699996,0.6649374424,0.6649374424
7.314112287,30.270237649200002,0.6647571162,0.6647571162
7.6943124397,30.0332489152,0.6644826426,0.6644826426
8.0746928319,29.7963645067,0.6641214283,0.6641214283
8.453818090499999,29.557368043,0.6636811295,0.6636811295
8.8302525737,29.314043232800003,0.6631696108,0.6631696108
9.202560998,29.0641737849,0.6625949047,0.6625949047
9.5693053913,28.8055440354,0.6619651698,0.6619651698
9.928542376000001,28.5360862944,0.6612886495,0.6612886495
10.277200172999999,28.254063684200002,0.6605736308,0.6605736308
10.6120544587,27.9577836927,0.6598284025,0.6598284025
10.929880819800001,27.6455540765,0.6590612149,0.6590612149
11.2274547532,27.3156824128,0.6582802396999999,0.6582802396999999
11.5015518457,26.9664763687,0.6574935302,0.6574935302
11.7489476839,26.5962435215,0.6567089834000001,0.6567089834000001
11.9676838328,26.204601254499998,0.6559343022999999,0.6559343022999999
12.160811188399999,25.7963480963,0.6551769605,0.6551769605
12.332619109400001,25.377564417800002,0.6544441672,0.6544441672
12.4872831287,24.9542402463,0.6537428348,0.6537428348
12.6246558999,24.528946257199998,0.6530795475,0.6530795475
12.7390368903,24.0998608756,0.6524605326,0.6524605326
12.8243608758,23.664874018200003,0.6518916327000001,0.6518916327000001
12.8755467347,23.222347128000003,0.6513782815,0.6513782815
12.8946515809,22.774061627,0.6509254804,0.6509254804
12.886878877000001,22.3233063702,0.6505377786,0.6505377786
12.857446067,21.8733770242,0.6502192549,0.6502192549
12.8108676525,21.4272695438,0.6499735021,0.6499735021
12.7465823903,20.9858168306,0.6498036146,0.6498036146
12.6617999298,20.5489018321,0.6497121779,0.6497121779
12.5537264247,20.1164071372,0.6497012605,0.6497012605
12.4206739336,19.6889058195,0.6497724098,0.6497724098
12.263372018699998,19.2684800887,0.6499266491,0.6499266491
12.0828688651,18.8574111257,0.6501644783,0.6501644783
11.8803961243,18.4577657242,0.6504858771,0.6504858771
11.6598194893,18.0685218701,0.6508903103,0.6508903103
11.4269793104,17.6863427579,0.6513767363,0.6513767363
11.1877636196,17.3078353864,0.651943618,0.651943618
10.9470545672,16.930186460199998,0.6525889358,0.6525889358
10.7058373309,16.552828193699998,0.6533102036,0.6533102036
10.4641542146,16.1757362085,0.6541044867,0.6541044867
10.2220469843,15.7988863051,0.6549684218999999,0.6549684218999999
9.9795577647,15.422254284500001,0.6558982402,0.6558982402
9.7367286802,15.0458158578,0.6568897906000001,0.6568897906000001
9.493601586699999,14.669546736,0.6579385668,0.6579385668
9.250218608700001,14.29342272,0.6590397345000001,0.6590397345000001
9.0066217812,13.9174194314,0.6601881617,0.6601881617
8.762853139099999,13.5415127603,0.6613784491,0.6613784491
8.5189546279,13.165678328499999,0.6626049622,0.6626049622
8.274968372,12.7898920263,0.6638618653,0.6638618653
8.0309363168,12.414129385499999,0.6651431549,0.6651431549
7.7869004972,12.038366296600001,0.6664426954,0.6664426954
7.5429014247,11.662579456600001,0.6677542546,0.6677542546
7.2989557697,11.286759096199999,0.6690715395,0.6690715395
7.0550629946,10.9109056635,0.6703882328999999,0.6703882328999999
6.8112218444,10.5350199652,0.6716980297,0.6716980297
6.5674312438,10.1591026286,0.6729946731,0.6729946731
6.323689937899999,9.7831544604,0.6742719905,0.6742719905
6.0799969409,9.4071760879,0.6755239288,0.6755239288
5.8363509978999994,9.0311682283,0.6767445898000001,0.6767445898000001
5.5927510334,8.655131687999999,0.6779282634999999,0.6779282634999999
5.3491958824,8.279067005,0.6790694612,0.6790694612
5.1056842899,7.9029750754,0.6801629476000001,0.6801629476000001
4.8622152702,7.5268566163,0.6812037711,0.6812037711
4.6187876581,7.1507121654,0.6821872928,0.6821872928
4.3754001987999995,6.774542529400001,0.6831092139,0.6831092139
4.1320518167,6.3983485149,0.6839656011,0.6839656011
3.8887414363999997,6.0221307493,0.6847529109999999,0.6847529109999999
3.6454678031,5.645889949600001,0.685468011,0.685468011
3.4022298413,5.2696267433,0.6861081997,0.6861081997
3.1590262961,4.8933420265,0.6866712239,0.6866712239
2.9158561817,4.5170364266,0.6871552937000001,0.6871552937000001
2.6727182434,4.1407106607,0.6875590956000001,0.6875590956000001
2.4296114055,3.7643653562,0.6878818026000001,0.6878818026000001
2.1865345030000003,3.3880014093,0.6881230817,0.6881230817
1.9434863706999999,3.0116193578,0.6882830997,0.6882830997
1.7004658434,2.6352200084,0.6883625259,0.6883625259
1.4574718457,2.2588040779,0.6883625315,0.6883625315
1.2145032123000001,1.8823722836,0.6882847879999999,0.6882847879999999
0.9715586885999999,1.5059252527000002,0.6881314617000001,0.6881314617000001
0.7286372886,1.1294638815,0.6879052059,0.6879052059
0.4857378471,0.7529887076999999,0.6876091512000001,0.6876091512000001
0.24285910940000002,0.37650044850000003,0.6872468925,0.6872468925
